Date,Store,Actual_Sales,Predicted_Sales,Set,Residual,Holiday_Flag
2010-02-26,1,1409727.59,,Train,,0
2010-03-05,1,1554806.68,,Train,,0
2010-03-12,1,1439541.59,,Train,,0
2010-03-19,1,1472515.79,,Train,,0
2010-03-26,1,1404429.92,,Train,,0
2010-04-02,1,1594968.28,,Train,,0
2010-04-09,1,1545418.53,,Train,,0
2010-04-16,1,1466058.28,,Train,,0
2010-04-23,1,1391256.12,,Train,,0
2010-04-30,1,1425100.71,,Train,,0
2010-05-07,1,1603955.12,,Train,,0
2010-05-14,1,1494251.5,,Train,,0
2010-05-21,1,1399662.07,,Train,,0
2010-05-28,1,1432069.95,,Train,,0
2010-06-04,1,1615524.71,,Train,,0
2010-06-11,1,1542561.09,,Train,,0
2010-06-18,1,1503284.06,,Train,,0
2010-06-25,1,1422711.6,,Train,,0
2010-07-02,1,1492418.14,,Train,,0
2010-07-09,1,1546074.18,,Train,,0
2010-07-16,1,1448938.92,,Train,,0
2010-07-23,1,1385065.2,,Train,,0
2010-07-30,1,1371986.6,,Train,,0
2010-08-06,1,1605491.78,,Train,,0
2010-08-13,1,1508237.76,,Train,,0
2010-08-20,1,1513080.49,,Train,,0
2010-08-27,1,1449142.92,,Train,,0
2010-09-03,1,1540163.53,,Train,,0
2010-09-10,1,1507460.69,,Train,,1
2010-09-17,1,1430378.67,,Train,,0
2010-09-24,1,1351791.03,,Train,,0
2010-10-01,1,1453329.5,,Train,,0
2010-10-08,1,1508239.93,,Train,,0
2010-10-15,1,1459409.1,,Train,,0
2010-10-22,1,1345454.0,,Train,,0
2010-10-29,1,1384209.22,,Train,,0
2010-11-05,1,1551659.28,,Train,,0
2010-11-12,1,1494479.49,,Train,,0
2010-11-19,1,1483784.18,,Train,,0
2010-11-26,1,1955624.11,,Train,,1
2010-12-03,1,1548033.78,,Train,,0
2010-12-10,1,1682614.26,,Train,,0
2010-12-17,1,1891034.93,,Train,,0
2010-12-24,1,2387950.2,,Train,,0
2010-12-31,1,1367320.01,,Train,,1
2011-01-07,1,1444732.28,,Train,,0
2011-01-14,1,1391013.96,,Train,,0
2011-01-21,1,1327405.42,,Train,,0
2011-01-28,1,1316899.31,,Train,,0
2011-02-04,1,1606629.58,,Train,,0
2011-02-11,1,1649614.93,,Train,,1
2011-02-18,1,1686842.78,,Train,,0
2011-02-25,1,1456800.28,,Train,,0
2011-03-04,1,1636263.41,,Train,,0
2011-03-11,1,1553191.63,,Train,,0
2011-03-18,1,1576818.06,,Train,,0
2011-03-25,1,1541102.38,,Train,,0
2011-04-01,1,1495064.75,,Train,,0
2011-04-08,1,1614259.35,,Train,,0
2011-04-15,1,1559889.0,,Train,,0
2011-04-22,1,1564819.81,,Train,,0
2011-04-29,1,1455090.69,,Train,,0
2011-05-06,1,1629391.28,,Train,,0
2011-05-13,1,1604775.58,,Train,,0
2011-05-20,1,1428218.27,,Train,,0
2011-05-27,1,1466046.67,,Train,,0
2011-06-03,1,1635078.41,,Train,,0
2011-06-10,1,1588948.32,,Train,,0
2011-06-17,1,1532114.86,,Train,,0
2011-06-24,1,1438830.15,,Train,,0
2011-07-01,1,1488538.09,,Train,,0
2011-07-08,1,1534849.64,,Train,,0
2011-07-15,1,1455119.97,,Train,,0
2011-07-22,1,1396926.82,,Train,,0
2011-07-29,1,1352219.79,,Train,,0
2011-08-05,1,1624383.75,,Train,,0
2011-08-12,1,1525147.09,,Train,,0
2011-08-19,1,1530761.43,,Train,,0
2011-08-26,1,1464693.46,,Train,,0
2011-09-02,1,1550229.22,,Train,,0
2011-09-09,1,1540471.24,,Train,,1
2011-09-16,1,1514259.78,,Train,,0
2011-09-23,1,1380020.27,,Train,,0
2011-09-30,1,1394561.83,,Train,,0
2011-10-07,1,1630989.95,,Train,,0
2011-10-14,1,1493525.93,,Train,,0
2011-10-21,1,1502562.78,,Train,,0
2011-10-28,1,1445249.09,,Train,,0
2011-11-04,1,1697229.58,,Train,,0
2011-11-11,1,1594938.89,,Train,,0
2011-11-18,1,1539483.7,,Train,,0
2011-11-25,1,2033320.66,,Train,,1
2011-12-02,1,1584083.95,,Train,,0
2011-12-09,1,1799682.38,,Train,,0
2011-12-16,1,1881176.67,,Train,,0
2011-12-23,1,2270188.99,,Train,,0
2011-12-30,1,1497462.72,,Train,,1
2012-01-06,1,1550369.92,,Train,,0
2012-01-13,1,1459601.17,,Train,,0
2012-01-20,1,1394393.84,,Train,,0
2012-01-27,1,1319325.59,,Train,,0
2012-02-03,1,1636339.65,,Train,,0
2012-02-10,1,1802477.43,,Train,,1
2012-02-17,1,1819870.0,,Train,,0
2012-02-24,1,1539387.83,,Train,,0
2012-03-02,1,1688420.76,,Train,,0
2012-03-09,1,1675431.16,,Train,,0
2012-03-16,1,1677472.78,,Train,,0
2012-03-23,1,1511068.07,,Train,,0
2012-03-30,1,1649604.63,,Train,,0
2012-04-06,1,1899676.88,,Train,,0
2012-04-13,1,1621031.7,,Train,,0
2012-04-20,1,1521577.87,,Train,,0
2012-04-27,1,1468928.37,,Train,,0
2012-05-04,1,1684519.99,,Train,,0
2012-05-11,1,1611096.05,,Train,,0
2012-05-18,1,1595901.87,,Train,,0
2012-05-25,1,1555444.55,,Train,,0
2012-06-01,1,1624477.58,,Train,,0
2012-06-08,1,1697230.96,,Train,,0
2012-06-15,1,1630607.0,,Train,,0
2012-06-22,1,1527845.81,,Train,,0
2012-06-29,1,1540421.49,,Train,,0
2012-07-06,1,1769854.16,,Train,,0
2012-07-13,1,1527014.04,,Train,,0
2012-07-20,1,1497954.76,,Train,,0
2012-07-27,1,1439123.71,,Train,,0
2012-08-03,1,1631135.79,,Train,,0
2012-08-10,1,1592409.97,,Train,,0
2012-08-17,1,1597868.05,,Train,,0
2012-08-24,1,1494122.38,,Train,,0
2012-08-31,1,1582083.4,,Train,,0
2012-09-07,1,1661767.33,,Train,,1
2012-09-14,1,1517428.87,,Train,,0
2012-09-21,1,1506126.06,,Train,,0
2012-09-28,1,1437059.26,,Train,,0
2012-10-05,1,1670785.97,,Train,,0
2012-10-12,1,1573072.81,,Train,,0
2012-10-19,1,1508068.77,,Train,,0
2012-10-26,1,1493659.74,,Train,,0
2010-02-26,2,1865097.27,,Train,,0
2010-03-05,2,1991013.13,,Train,,0
2010-03-12,2,1990483.78,,Train,,0
2010-03-19,2,1946070.88,,Train,,0
2010-03-26,2,1750197.81,,Train,,0
2010-04-02,2,2066187.72,,Train,,0
2010-04-09,2,1954689.21,,Train,,0
2010-04-16,2,1874957.94,,Train,,0
2010-04-23,2,1821990.93,,Train,,0
2010-04-30,2,1802450.29,,Train,,0
2010-05-07,2,2042581.71,,Train,,0
2010-05-14,2,1880752.36,,Train,,0
2010-05-21,2,1896937.1,,Train,,0
2010-05-28,2,1957113.89,,Train,,0
2010-06-04,2,2102539.93,,Train,,0
2010-06-11,2,2025538.76,,Train,,0
2010-06-18,2,2001636.96,,Train,,0
2010-06-25,2,1939927.09,,Train,,0
2010-07-02,2,2003940.64,,Train,,0
2010-07-09,2,1880902.62,,Train,,0
2010-07-16,2,1845879.79,,Train,,0
2010-07-23,2,1781717.71,,Train,,0
2010-07-30,2,1804246.16,,Train,,0
2010-08-06,2,1991909.98,,Train,,0
2010-08-13,2,1895601.05,,Train,,0
2010-08-20,2,1964335.23,,Train,,0
2010-08-27,2,1863840.49,,Train,,0
2010-09-03,2,1904608.09,,Train,,0
2010-09-10,2,1839128.83,,Train,,1
2010-09-17,2,1793903.6,,Train,,0
2010-09-24,2,1724557.22,,Train,,0
2010-10-01,2,1827440.43,,Train,,0
2010-10-08,2,1849921.44,,Train,,0
2010-10-15,2,1794355.49,,Train,,0
2010-10-22,2,1737947.64,,Train,,0
2010-10-29,2,1802755.11,,Train,,0
2010-11-05,2,1939061.41,,Train,,0
2010-11-12,2,1916812.74,,Train,,0
2010-11-19,2,1956739.17,,Train,,0
2010-11-26,2,2658725.29,,Train,,1
2010-12-03,2,2015781.27,,Train,,0
2010-12-10,2,2378726.55,,Train,,0
2010-12-17,2,2609166.75,,Train,,0
2010-12-24,2,3436007.68,,Train,,0
2010-12-31,2,1750434.55,,Train,,1
2011-01-07,2,1758050.79,,Train,,0
2011-01-14,2,1744193.58,,Train,,0
2011-01-21,2,1751384.9,,Train,,0
2011-01-28,2,1695371.68,,Train,,0
2011-02-04,2,1929346.23,,Train,,0
2011-02-11,2,2168041.61,,Train,,1
2011-02-18,2,2080884.82,,Train,,0
2011-02-25,2,1833511.08,,Train,,0
2011-03-04,2,1981607.78,,Train,,0
2011-03-11,2,1879107.31,,Train,,0
2011-03-18,2,1902557.66,,Train,,0
2011-03-25,2,1766162.05,,Train,,0
2011-04-01,2,1800171.36,,Train,,0
2011-04-08,2,1847552.61,,Train,,0
2011-04-15,2,1856467.84,,Train,,0
2011-04-22,2,1886339.6,,Train,,0
2011-04-29,2,1745545.28,,Train,,0
2011-05-06,2,1837743.6,,Train,,0
2011-05-13,2,1838513.07,,Train,,0
2011-05-20,2,1688281.86,,Train,,0
2011-05-27,2,1797732.56,,Train,,0
2011-06-03,2,1933756.21,,Train,,0
2011-06-10,2,1929153.16,,Train,,0
2011-06-17,2,1953771.99,,Train,,0
2011-06-24,2,1790925.8,,Train,,0
2011-07-01,2,1866243.0,,Train,,0
2011-07-08,2,1853161.99,,Train,,0
2011-07-15,2,1785187.29,,Train,,0
2011-07-22,2,1743816.41,,Train,,0
2011-07-29,2,1680693.06,,Train,,0
2011-08-05,2,1876704.26,,Train,,0
2011-08-12,2,1812768.26,,Train,,0
2011-08-19,2,1844094.59,,Train,,0
2011-08-26,2,1821139.91,,Train,,0
2011-09-02,2,1809119.7,,Train,,0
2011-09-09,2,1748000.65,,Train,,1
2011-09-16,2,1691439.52,,Train,,0
2011-09-23,2,1669299.78,,Train,,0
2011-09-30,2,1650394.44,,Train,,0
2011-10-07,2,1837553.43,,Train,,0
2011-10-14,2,1743882.19,,Train,,0
2011-10-21,2,1834680.25,,Train,,0
2011-10-28,2,1769296.25,,Train,,0
2011-11-04,2,1959707.9,,Train,,0
2011-11-11,2,1920725.15,,Train,,0
2011-11-18,2,1902762.5,,Train,,0
2011-11-25,2,2614202.3,,Train,,1
2011-12-02,2,1954952.0,,Train,,0
2011-12-09,2,2290549.32,,Train,,0
2011-12-16,2,2432736.52,,Train,,0
2011-12-23,2,3224369.8,,Train,,0
2011-12-30,2,1874226.52,,Train,,1
2012-01-06,2,1799520.14,,Train,,0
2012-01-13,2,1744725.48,,Train,,0
2012-01-20,2,1711769.11,,Train,,0
2012-01-27,2,1660906.14,,Train,,0
2012-02-03,2,1935299.94,,Train,,0
2012-02-10,2,2103322.68,,Train,,1
2012-02-17,2,2196688.46,,Train,,0
2012-02-24,2,1861802.7,,Train,,0
2012-03-02,2,1952555.66,,Train,,0
2012-03-09,2,1937628.26,,Train,,0
2012-03-16,2,1976082.13,,Train,,0
2012-03-23,2,1790439.16,,Train,,0
2012-03-30,2,1857480.84,,Train,,0
2012-04-06,2,2129035.91,,Train,,0
2012-04-13,2,1935869.1,,Train,,0
2012-04-20,2,1847344.45,,Train,,0
2012-04-27,2,1764133.09,,Train,,0
2012-05-04,2,1923957.09,,Train,,0
2012-05-11,2,1917520.99,,Train,,0
2012-05-18,2,2000940.67,,Train,,0
2012-05-25,2,1912791.09,,Train,,0
2012-06-01,2,1910092.37,,Train,,0
2012-06-08,2,2010216.49,,Train,,0
2012-06-15,2,1962924.3,,Train,,0
2012-06-22,2,1887733.21,,Train,,0
2012-06-29,2,1881046.12,,Train,,0
2012-07-06,2,2041507.4,,Train,,0
2012-07-13,2,1830075.13,,Train,,0
2012-07-20,2,1819666.46,,Train,,0
2012-07-27,2,1757923.88,,Train,,0
2012-08-03,2,1946104.64,,Train,,0
2012-08-10,2,1866719.96,,Train,,0
2012-08-17,2,1928016.01,,Train,,0
2012-08-24,2,1876788.15,,Train,,0
2012-08-31,2,1947083.3,,Train,,0
2012-09-07,2,1898777.07,,Train,,1
2012-09-14,2,1814806.63,,Train,,0
2012-09-21,2,1829415.67,,Train,,0
2012-09-28,2,1746470.56,,Train,,0
2012-10-05,2,1998321.04,,Train,,0
2012-10-12,2,1900745.13,,Train,,0
2012-10-19,2,1847990.41,,Train,,0
2012-10-26,2,1834458.35,,Train,,0
2010-02-26,3,407204.86,,Train,,0
2010-03-05,3,415202.04,,Train,,0
2010-03-12,3,384200.69,,Train,,0
2010-03-19,3,375328.59,,Train,,0
2010-03-26,3,359949.27,,Train,,0
2010-04-02,3,423294.4,,Train,,0
2010-04-09,3,415870.28,,Train,,0
2010-04-16,3,354993.26,,Train,,0
2010-04-23,3,339976.65,,Train,,0
2010-04-30,3,361248.39,,Train,,0
2010-05-07,3,399323.86,,Train,,0
2010-05-14,3,384357.94,,Train,,0
2010-05-21,3,343763.17,,Train,,0
2010-05-28,3,350089.23,,Train,,0
2010-06-04,3,396968.8,,Train,,0
2010-06-11,3,355017.09,,Train,,0
2010-06-18,3,364076.85,,Train,,0
2010-06-25,3,357346.48,,Train,,0
2010-07-02,3,381151.72,,Train,,0
2010-07-09,3,349214.18,,Train,,0
2010-07-16,3,352728.78,,Train,,0
2010-07-23,3,352864.49,,Train,,0
2010-07-30,3,347955.05,,Train,,0
2010-08-06,3,402635.76,,Train,,0
2010-08-13,3,339597.38,,Train,,0
2010-08-20,3,351728.21,,Train,,0
2010-08-27,3,362134.09,,Train,,0
2010-09-03,3,366473.97,,Train,,0
2010-09-10,3,352260.97,,Train,,1
2010-09-17,3,363064.64,,Train,,0
2010-09-24,3,355626.87,,Train,,0
2010-10-01,3,358784.1,,Train,,0
2010-10-08,3,395107.35,,Train,,0
2010-10-15,3,345584.39,,Train,,0
2010-10-22,3,348895.98,,Train,,0
2010-10-29,3,348591.74,,Train,,0
2010-11-05,3,423175.56,,Train,,0
2010-11-12,3,386635.03,,Train,,0
2010-11-19,3,372545.32,,Train,,0
2010-11-26,3,565567.84,,Train,,1
2010-12-03,3,476420.77,,Train,,0
2010-12-10,3,467642.03,,Train,,0
2010-12-17,3,498159.39,,Train,,0
2010-12-24,3,605990.41,,Train,,0
2010-12-31,3,382677.76,,Train,,1
2011-01-07,3,378241.34,,Train,,0
2011-01-14,3,381061.1,,Train,,0
2011-01-21,3,350876.7,,Train,,0
2011-01-28,3,364866.24,,Train,,0
2011-02-04,3,438516.53,,Train,,0
2011-02-11,3,430526.21,,Train,,1
2011-02-18,3,432782.1,,Train,,0
2011-02-25,3,397211.19,,Train,,0
2011-03-04,3,437084.51,,Train,,0
2011-03-11,3,404753.3,,Train,,0
2011-03-18,3,392109.51,,Train,,0
2011-03-25,3,380683.67,,Train,,0
2011-04-01,3,374556.08,,Train,,0
2011-04-08,3,384075.31,,Train,,0
2011-04-15,3,366250.69,,Train,,0
2011-04-22,3,391860.04,,Train,,0
2011-04-29,3,367405.4,,Train,,0
2011-05-06,3,413042.12,,Train,,0
2011-05-13,3,386312.68,,Train,,0
2011-05-20,3,364603.13,,Train,,0
2011-05-27,3,369350.6,,Train,,0
2011-06-03,3,394507.84,,Train,,0
2011-06-10,3,391638.75,,Train,,0
2011-06-17,3,403423.34,,Train,,0
2011-06-24,3,385520.71,,Train,,0
2011-07-01,3,368962.72,,Train,,0
2011-07-08,3,395146.24,,Train,,0
2011-07-15,3,373454.33,,Train,,0
2011-07-22,3,360617.37,,Train,,0
2011-07-29,3,345381.29,,Train,,0
2011-08-05,3,409981.25,,Train,,0
2011-08-12,3,380376.85,,Train,,0
2011-08-19,3,379716.91,,Train,,0
2011-08-26,3,366367.55,,Train,,0
2011-09-02,3,375988.69,,Train,,0
2011-09-09,3,377347.49,,Train,,1
2011-09-16,3,375629.51,,Train,,0
2011-09-23,3,365248.94,,Train,,0
2011-09-30,3,368477.93,,Train,,0
2011-10-07,3,403342.4,,Train,,0
2011-10-14,3,368282.57,,Train,,0
2011-10-21,3,394976.36,,Train,,0
2011-10-28,3,389540.62,,Train,,0
2011-11-04,3,459443.22,,Train,,0
2011-11-11,3,407764.25,,Train,,0
2011-11-18,3,398838.97,,Train,,0
2011-11-25,3,556925.19,,Train,,1
2011-12-02,3,472511.32,,Train,,0
2011-12-09,3,468772.8,,Train,,0
2011-12-16,3,510747.62,,Train,,0
2011-12-23,3,551221.21,,Train,,0
2011-12-30,3,410553.88,,Train,,1
2012-01-06,3,398178.21,,Train,,0
2012-01-13,3,367438.62,,Train,,0
2012-01-20,3,365818.61,,Train,,0
2012-01-27,3,349518.1,,Train,,0
2012-02-03,3,424960.66,,Train,,0
2012-02-10,3,473292.47,,Train,,1
2012-02-17,3,475591.08,,Train,,0
2012-02-24,3,418925.47,,Train,,0
2012-03-02,3,469752.56,,Train,,0
2012-03-09,3,445162.05,,Train,,0
2012-03-16,3,411775.8,,Train,,0
2012-03-23,3,413907.25,,Train,,0
2012-03-30,3,407488.84,,Train,,0
2012-04-06,3,503232.13,,Train,,0
2012-04-13,3,420789.74,,Train,,0
2012-04-20,3,434822.13,,Train,,0
2012-04-27,3,394616.11,,Train,,0
2012-05-04,3,439913.57,,Train,,0
2012-05-11,3,431985.36,,Train,,0
2012-05-18,3,418112.76,,Train,,0
2012-05-25,3,413701.29,,Train,,0
2012-06-01,3,432268.53,,Train,,0
2012-06-08,3,446336.8,,Train,,0
2012-06-15,3,442074.79,,Train,,0
2012-06-22,3,419497.95,,Train,,0
2012-06-29,3,422965.33,,Train,,0
2012-07-06,3,411206.5,,Train,,0
2012-07-13,3,416913.1,,Train,,0
2012-07-20,3,432424.85,,Train,,0
2012-07-27,3,389427.9,,Train,,0
2012-08-03,3,419990.29,,Train,,0
2012-08-10,3,391811.6,,Train,,0
2012-08-17,3,394918.83,,Train,,0
2012-08-24,3,412449.67,,Train,,0
2012-08-31,3,408838.73,,Train,,0
2012-09-07,3,408229.73,,Train,,1
2012-09-14,3,407589.16,,Train,,0
2012-09-21,3,414392.09,,Train,,0
2012-09-28,3,389813.02,,Train,,0
2012-10-05,3,443557.65,,Train,,0
2012-10-12,3,410804.39,,Train,,0
2012-10-19,3,424513.08,,Train,,0
2012-10-26,3,405432.7,,Train,,0
2010-02-26,4,1925728.84,,Train,,0
2010-03-05,4,1971057.44,,Train,,0
2010-03-12,4,1894324.09,,Train,,0
2010-03-19,4,1897429.36,,Train,,0
2010-03-26,4,1762539.3,,Train,,0
2010-04-02,4,1979247.12,,Train,,0
2010-04-09,4,1818452.72,,Train,,0
2010-04-16,4,1851519.69,,Train,,0
2010-04-23,4,1802677.9,,Train,,0
2010-04-30,4,1817273.28,,Train,,0
2010-05-07,4,2000626.14,,Train,,0
2010-05-14,4,1875597.28,,Train,,0
2010-05-21,4,1903752.6,,Train,,0
2010-05-28,4,1857533.7,,Train,,0
2010-06-04,4,1903290.58,,Train,,0
2010-06-11,4,1870619.23,,Train,,0
2010-06-18,4,1929736.35,,Train,,0
2010-06-25,4,1846651.95,,Train,,0
2010-07-02,4,1881337.21,,Train,,0
2010-07-09,4,1812208.22,,Train,,0
2010-07-16,4,1898427.66,,Train,,0
2010-07-23,4,1848426.78,,Train,,0
2010-07-30,4,1796637.61,,Train,,0
2010-08-06,4,1907638.58,,Train,,0
2010-08-13,4,2007050.75,,Train,,0
2010-08-20,4,1997181.09,,Train,,0
2010-08-27,4,1848403.92,,Train,,0
2010-09-03,4,1935857.58,,Train,,0
2010-09-10,4,1865820.81,,Train,,1
2010-09-17,4,1899959.61,,Train,,0
2010-09-24,4,1810684.68,,Train,,0
2010-10-01,4,1842821.02,,Train,,0
2010-10-08,4,1951494.85,,Train,,0
2010-10-15,4,1867345.09,,Train,,0
2010-10-22,4,1927610.06,,Train,,0
2010-10-29,4,1933333.0,,Train,,0
2010-11-05,4,2013115.79,,Train,,0
2010-11-12,4,1999794.26,,Train,,0
2010-11-19,4,2097809.4,,Train,,0
2010-11-26,4,2789469.45,,Train,,1
2010-12-03,4,2102530.17,,Train,,0
2010-12-10,4,2302504.86,,Train,,0
2010-12-17,4,2740057.14,,Train,,0
2010-12-24,4,3526713.39,,Train,,0
2010-12-31,4,1794868.74,,Train,,1
2011-01-07,4,1862476.27,,Train,,0
2011-01-14,4,1865502.46,,Train,,0
2011-01-21,4,1886393.94,,Train,,0
2011-01-28,4,1814240.85,,Train,,0
2011-02-04,4,2119086.04,,Train,,0
2011-02-11,4,2187847.29,,Train,,1
2011-02-18,4,2316495.56,,Train,,0
2011-02-25,4,2078094.69,,Train,,0
2011-03-04,4,2103455.75,,Train,,0
2011-03-11,4,2039818.41,,Train,,0
2011-03-18,4,2116475.38,,Train,,0
2011-03-25,4,1944164.32,,Train,,0
2011-04-01,4,1900246.47,,Train,,0
2011-04-08,4,2074953.46,,Train,,0
2011-04-15,4,1960587.76,,Train,,0
2011-04-22,4,2220600.76,,Train,,0
2011-04-29,4,1878167.44,,Train,,0
2011-05-06,4,2063682.76,,Train,,0
2011-05-13,4,2002362.37,,Train,,0
2011-05-20,4,2015563.48,,Train,,0
2011-05-27,4,1986597.95,,Train,,0
2011-06-03,4,2065377.15,,Train,,0
2011-06-10,4,2073951.38,,Train,,0
2011-06-17,4,2141210.62,,Train,,0
2011-06-24,4,2008344.92,,Train,,0
2011-07-01,4,2051533.53,,Train,,0
2011-07-08,4,2066541.86,,Train,,0
2011-07-15,4,2049046.95,,Train,,0
2011-07-22,4,2036231.39,,Train,,0
2011-07-29,4,1989674.07,,Train,,0
2011-08-05,4,2160057.39,,Train,,0
2011-08-12,4,2105668.74,,Train,,0
2011-08-19,4,2232892.1,,Train,,0
2011-08-26,4,1988490.21,,Train,,0
2011-09-02,4,2078420.31,,Train,,0
2011-09-09,4,2093139.01,,Train,,1
2011-09-16,4,2075577.33,,Train,,0
2011-09-23,4,2031406.41,,Train,,0
2011-09-30,4,1929486.63,,Train,,0
2011-10-07,4,2166737.65,,Train,,0
2011-10-14,4,2074548.85,,Train,,0
2011-10-21,4,2207742.13,,Train,,0
2011-10-28,4,2151659.59,,Train,,0
2011-11-04,4,2281217.31,,Train,,0
2011-11-11,4,2203028.96,,Train,,0
2011-11-18,4,2243946.59,,Train,,0
2011-11-25,4,3004702.33,,Train,,1
2011-12-02,4,2180999.26,,Train,,0
2011-12-09,4,2508955.24,,Train,,0
2011-12-16,4,2771397.17,,Train,,0
2011-12-23,4,3676388.98,,Train,,0
2011-12-30,4,2007105.86,,Train,,1
2012-01-06,4,2047766.07,,Train,,0
2012-01-13,4,1941676.61,,Train,,0
2012-01-20,4,2005097.76,,Train,,0
2012-01-27,4,1928720.51,,Train,,0
2012-02-03,4,2173373.91,,Train,,0
2012-02-10,4,2374660.64,,Train,,1
2012-02-17,4,2427640.17,,Train,,0
2012-02-24,4,2226662.17,,Train,,0
2012-03-02,4,2206319.9,,Train,,0
2012-03-09,4,2202450.81,,Train,,0
2012-03-16,4,2214967.44,,Train,,0
2012-03-23,4,2091592.54,,Train,,0
2012-03-30,4,2089381.77,,Train,,0
2012-04-06,4,2470206.13,,Train,,0
2012-04-13,4,2105301.39,,Train,,0
2012-04-20,4,2144336.89,,Train,,0
2012-04-27,4,2064065.66,,Train,,0
2012-05-04,4,2196968.33,,Train,,0
2012-05-11,4,2127661.17,,Train,,0
2012-05-18,4,2207214.81,,Train,,0
2012-05-25,4,2154137.67,,Train,,0
2012-06-01,4,2179360.94,,Train,,0
2012-06-08,4,2245257.18,,Train,,0
2012-06-15,4,2234190.93,,Train,,0
2012-06-22,4,2197299.65,,Train,,0
2012-06-29,4,2128362.92,,Train,,0
2012-07-06,4,2224499.28,,Train,,0
2012-07-13,4,2100252.61,,Train,,0
2012-07-20,4,2175563.69,,Train,,0
2012-07-27,4,2048613.65,,Train,,0
2012-08-03,4,2174514.13,,Train,,0
2012-08-10,4,2193367.69,,Train,,0
2012-08-17,4,2283540.3,,Train,,0
2012-08-24,4,2125241.68,,Train,,0
2012-08-31,4,2081181.35,,Train,,0
2012-09-07,4,2125104.72,,Train,,1
2012-09-14,4,2117854.6,,Train,,0
2012-09-21,4,2119438.53,,Train,,0
2012-09-28,4,2027620.23,,Train,,0
2012-10-05,4,2209835.43,,Train,,0
2012-10-12,4,2133026.07,,Train,,0
2012-10-19,4,2097266.85,,Train,,0
2012-10-26,4,2149594.46,,Train,,0
2010-02-26,5,270281.63,,Train,,0
2010-03-05,5,288855.71,,Train,,0
2010-03-12,5,297293.59,,Train,,0
2010-03-19,5,281706.41,,Train,,0
2010-03-26,5,273282.97,,Train,,0
2010-04-02,5,331406.0,,Train,,0
2010-04-09,5,328020.49,,Train,,0
2010-04-16,5,306858.69,,Train,,0
2010-04-23,5,288839.73,,Train,,0
2010-04-30,5,298697.84,,Train,,0
2010-05-07,5,333522.6,,Train,,0
2010-05-14,5,296673.77,,Train,,0
2010-05-21,5,301615.49,,Train,,0
2010-05-28,5,310013.11,,Train,,0
2010-06-04,5,337825.89,,Train,,0
2010-06-11,5,296641.91,,Train,,0
2010-06-18,5,313795.6,,Train,,0
2010-06-25,5,295257.3,,Train,,0
2010-07-02,5,305993.27,,Train,,0
2010-07-09,5,291808.87,,Train,,0
2010-07-16,5,280701.7,,Train,,0
2010-07-23,5,274742.63,,Train,,0
2010-07-30,5,268929.03,,Train,,0
2010-08-06,5,303043.02,,Train,,0
2010-08-13,5,286477.35,,Train,,0
2010-08-20,5,287205.38,,Train,,0
2010-08-27,5,288519.75,,Train,,0
2010-09-03,5,323798.0,,Train,,0
2010-09-10,5,306533.08,,Train,,1
2010-09-17,5,282558.65,,Train,,0
2010-09-24,5,293131.58,,Train,,0
2010-10-01,5,283178.12,,Train,,0
2010-10-08,5,290494.85,,Train,,0
2010-10-15,5,280681.2,,Train,,0
2010-10-22,5,284988.27,,Train,,0
2010-10-29,5,278031.81,,Train,,0
2010-11-05,5,325310.3,,Train,,0
2010-11-12,5,301827.36,,Train,,0
2010-11-19,5,297384.81,,Train,,0
2010-11-26,5,488362.61,,Train,,1
2010-12-03,5,344490.88,,Train,,0
2010-12-10,5,352811.53,,Train,,0
2010-12-17,5,367801.19,,Train,,0
2010-12-24,5,466010.25,,Train,,0
2010-12-31,5,298180.18,,Train,,1
2011-01-07,5,286347.26,,Train,,0
2011-01-14,5,260636.71,,Train,,0
2011-01-21,5,275313.34,,Train,,0
2011-01-28,5,279088.39,,Train,,0
2011-02-04,5,329613.2,,Train,,0
2011-02-11,5,311590.54,,Train,,1
2011-02-18,5,356622.61,,Train,,0
2011-02-25,5,294659.5,,Train,,0
2011-03-04,5,329033.66,,Train,,0
2011-03-11,5,293098.1,,Train,,0
2011-03-18,5,312177.67,,Train,,0
2011-03-25,5,294732.5,,Train,,0
2011-04-01,5,314316.55,,Train,,0
2011-04-08,5,307333.62,,Train,,0
2011-04-15,5,307913.58,,Train,,0
2011-04-22,5,328415.44,,Train,,0
2011-04-29,5,307291.56,,Train,,0
2011-05-06,5,322904.68,,Train,,0
2011-05-13,5,290930.01,,Train,,0
2011-05-20,5,299614.33,,Train,,0
2011-05-27,5,297149.69,,Train,,0
2011-06-03,5,329183.92,,Train,,0
2011-06-10,5,304984.14,,Train,,0
2011-06-17,5,304811.82,,Train,,0
2011-06-24,5,302881.64,,Train,,0
2011-07-01,5,327093.89,,Train,,0
2011-07-08,5,310804.93,,Train,,0
2011-07-15,5,283248.62,,Train,,0
2011-07-22,5,292539.73,,Train,,0
2011-07-29,5,275142.17,,Train,,0
2011-08-05,5,317738.56,,Train,,0
2011-08-12,5,289886.16,,Train,,0
2011-08-19,5,303643.84,,Train,,0
2011-08-26,5,310338.17,,Train,,0
2011-09-02,5,315645.53,,Train,,0
2011-09-09,5,321110.22,,Train,,1
2011-09-16,5,278529.71,,Train,,0
2011-09-23,5,291024.98,,Train,,0
2011-09-30,5,292315.38,,Train,,0
2011-10-07,5,309111.47,,Train,,0
2011-10-14,5,286117.72,,Train,,0
2011-10-21,5,306069.18,,Train,,0
2011-10-28,5,307035.11,,Train,,0
2011-11-04,5,353652.23,,Train,,0
2011-11-11,5,311906.7,,Train,,0
2011-11-18,5,307944.37,,Train,,0
2011-11-25,5,507900.07,,Train,,1
2011-12-02,5,376225.61,,Train,,0
2011-12-09,5,367433.77,,Train,,0
2011-12-16,5,379530.3,,Train,,0
2011-12-23,5,458562.24,,Train,,0
2011-12-30,5,349624.88,,Train,,1
2012-01-06,5,312078.71,,Train,,0
2012-01-13,5,291454.52,,Train,,0
2012-01-20,5,287523.98,,Train,,0
2012-01-27,5,295974.22,,Train,,0
2012-02-03,5,333948.0,,Train,,0
2012-02-10,5,349239.88,,Train,,1
2012-02-17,5,356427.98,,Train,,0
2012-02-24,5,312220.47,,Train,,0
2012-03-02,5,359206.21,,Train,,0
2012-03-09,5,347295.6,,Train,,0
2012-03-16,5,339392.54,,Train,,0
2012-03-23,5,321299.99,,Train,,0
2012-03-30,5,331318.73,,Train,,0
2012-04-06,5,402985.7,,Train,,0
2012-04-13,5,351832.03,,Train,,0
2012-04-20,5,330063.06,,Train,,0
2012-04-27,5,324839.74,,Train,,0
2012-05-04,5,360932.69,,Train,,0
2012-05-11,5,333870.52,,Train,,0
2012-05-18,5,336189.66,,Train,,0
2012-05-25,5,341994.48,,Train,,0
2012-06-01,5,359867.8,,Train,,0
2012-06-08,5,341704.59,,Train,,0
2012-06-15,5,327383.64,,Train,,0
2012-06-22,5,325041.68,,Train,,0
2012-06-29,5,329658.1,,Train,,0
2012-07-06,5,341214.43,,Train,,0
2012-07-13,5,316203.64,,Train,,0
2012-07-20,5,321205.12,,Train,,0
2012-07-27,5,306827.36,,Train,,0
2012-08-03,5,324195.17,,Train,,0
2012-08-10,5,306759.7,,Train,,0
2012-08-17,5,314014.18,,Train,,0
2012-08-24,5,320831.36,,Train,,0
2012-08-31,5,344642.01,,Train,,0
2012-09-07,5,350648.91,,Train,,1
2012-09-14,5,299800.67,,Train,,0
2012-09-21,5,307306.76,,Train,,0
2012-09-28,5,310141.68,,Train,,0
2012-10-05,5,343048.29,,Train,,0
2012-10-12,5,325345.41,,Train,,0
2012-10-19,5,313358.15,,Train,,0
2012-10-26,5,319550.77,,Train,,0
2010-02-26,6,1432953.21,,Train,,0
2010-03-05,6,1601348.82,,Train,,0
2010-03-12,6,1558621.36,,Train,,0
2010-03-19,6,1693058.91,,Train,,0
2010-03-26,6,1472033.38,,Train,,0
2010-04-02,6,1770333.9,,Train,,0
2010-04-09,6,1667181.82,,Train,,0
2010-04-16,6,1519846.36,,Train,,0
2010-04-23,6,1540435.99,,Train,,0
2010-04-30,6,1498080.16,,Train,,0
2010-05-07,6,1619920.04,,Train,,0
2010-05-14,6,1524059.4,,Train,,0
2010-05-21,6,1531938.44,,Train,,0
2010-05-28,6,1644470.66,,Train,,0
2010-06-04,6,1857380.09,,Train,,0
2010-06-11,6,1685652.35,,Train,,0
2010-06-18,6,1677248.24,,Train,,0
2010-06-25,6,1640681.88,,Train,,0
2010-07-02,6,1759777.25,,Train,,0
2010-07-09,6,1690317.99,,Train,,0
2010-07-16,6,1560120.8,,Train,,0
2010-07-23,6,1585240.92,,Train,,0
2010-07-30,6,1532308.78,,Train,,0
2010-08-06,6,1633241.59,,Train,,0
2010-08-13,6,1547654.98,,Train,,0
2010-08-20,6,1539930.5,,Train,,0
2010-08-27,6,1450766.12,,Train,,0
2010-09-03,6,1510925.32,,Train,,0
2010-09-10,6,1424225.44,,Train,,1
2010-09-17,6,1308537.75,,Train,,0
2010-09-24,6,1275591.84,,Train,,0
2010-10-01,6,1328468.89,,Train,,0
2010-10-08,6,1360317.9,,Train,,0
2010-10-15,6,1344580.92,,Train,,0
2010-10-22,6,1332716.53,,Train,,0
2010-10-29,6,1385323.7,,Train,,0
2010-11-05,6,1505442.15,,Train,,0
2010-11-12,6,1495536.46,,Train,,0
2010-11-19,6,1518841.45,,Train,,0
2010-11-26,6,2267452.4,,Train,,1
2010-12-03,6,1677067.24,,Train,,0
2010-12-10,6,1834737.58,,Train,,0
2010-12-17,6,2090268.95,,Train,,0
2010-12-24,6,2727575.18,,Train,,0
2010-12-31,6,1464050.02,,Train,,1
2011-01-07,6,1350441.68,,Train,,0
2011-01-14,6,1306194.55,,Train,,0
2011-01-21,6,1261253.18,,Train,,0
2011-01-28,6,1287034.7,,Train,,0
2011-02-04,6,1514999.17,,Train,,0
2011-02-11,6,1486920.17,,Train,,1
2011-02-18,6,1572117.54,,Train,,0
2011-02-25,6,1422600.43,,Train,,0
2011-03-04,6,1502617.99,,Train,,0
2011-03-11,6,1494497.39,,Train,,0
2011-03-18,6,1685375.47,,Train,,0
2011-03-25,6,1438465.81,,Train,,0
2011-04-01,6,1459276.77,,Train,,0
2011-04-08,6,1534594.0,,Train,,0
2011-04-15,6,1448797.02,,Train,,0
2011-04-22,6,1639358.93,,Train,,0
2011-04-29,6,1479249.9,,Train,,0
2011-05-06,6,1504651.57,,Train,,0
2011-05-13,6,1453185.65,,Train,,0
2011-05-20,6,1382783.83,,Train,,0
2011-05-27,6,1523979.11,,Train,,0
2011-06-03,6,1705506.29,,Train,,0
2011-06-10,6,1598643.65,,Train,,0
2011-06-17,6,1622150.33,,Train,,0
2011-06-24,6,1543365.9,,Train,,0
2011-07-01,6,1694551.15,,Train,,0
2011-07-08,6,1709373.62,,Train,,0
2011-07-15,6,1526801.24,,Train,,0
2011-07-22,6,1526506.08,,Train,,0
2011-07-29,6,1483991.05,,Train,,0
2011-08-05,6,1601584.57,,Train,,0
2011-08-12,6,1484995.38,,Train,,0
2011-08-19,6,1493544.04,,Train,,0
2011-08-26,6,1420405.41,,Train,,0
2011-09-02,6,1481618.74,,Train,,0
2011-09-09,6,1483574.38,,Train,,1
2011-09-16,6,1351407.79,,Train,,0
2011-09-23,6,1336044.75,,Train,,0
2011-09-30,6,1307551.92,,Train,,0
2011-10-07,6,1481739.2,,Train,,0
2011-10-14,6,1386520.99,,Train,,0
2011-10-21,6,1417922.37,,Train,,0
2011-10-28,6,1419445.12,,Train,,0
2011-11-04,6,1523420.38,,Train,,0
2011-11-11,6,1536176.54,,Train,,0
2011-11-18,6,1524390.07,,Train,,0
2011-11-25,6,2249811.55,,Train,,1
2011-12-02,6,1688531.34,,Train,,0
2011-12-09,6,1903385.14,,Train,,0
2011-12-16,6,2034695.56,,Train,,0
2011-12-23,6,2644633.02,,Train,,0
2011-12-30,6,1598080.52,,Train,,1
2012-01-06,6,1395339.71,,Train,,0
2012-01-13,6,1344243.17,,Train,,0
2012-01-20,6,1326255.7,,Train,,0
2012-01-27,6,1315610.66,,Train,,0
2012-02-03,6,1496305.78,,Train,,0
2012-02-10,6,1620603.92,,Train,,1
2012-02-17,6,1632616.09,,Train,,0
2012-02-24,6,1465187.71,,Train,,0
2012-03-02,6,1550385.65,,Train,,0
2012-03-09,6,1569304.4,,Train,,0
2012-03-16,6,1748010.29,,Train,,0
2012-03-23,6,1495143.62,,Train,,0
2012-03-30,6,1508933.26,,Train,,0
2012-04-06,6,1840131.19,,Train,,0
2012-04-13,6,1616394.45,,Train,,0
2012-04-20,6,1456073.24,,Train,,0
2012-04-27,6,1456221.1,,Train,,0
2012-05-04,6,1543461.12,,Train,,0
2012-05-11,6,1517075.67,,Train,,0
2012-05-18,6,1513635.64,,Train,,0
2012-05-25,6,1603793.42,,Train,,0
2012-06-01,6,1681121.38,,Train,,0
2012-06-08,6,1696619.52,,Train,,0
2012-06-15,6,1642247.48,,Train,,0
2012-06-22,6,1618272.25,,Train,,0
2012-06-29,6,1648863.46,,Train,,0
2012-07-06,6,1876359.39,,Train,,0
2012-07-13,6,1588142.26,,Train,,0
2012-07-20,6,1574361.97,,Train,,0
2012-07-27,6,1513229.16,,Train,,0
2012-08-03,6,1627274.93,,Train,,0
2012-08-10,6,1588380.73,,Train,,0
2012-08-17,6,1543049.52,,Train,,0
2012-08-24,6,1501095.49,,Train,,0
2012-08-31,6,1577439.81,,Train,,0
2012-09-07,6,1608077.01,,Train,,1
2012-09-14,6,1375166.86,,Train,,0
2012-09-21,6,1425603.65,,Train,,0
2012-09-28,6,1369131.46,,Train,,0
2012-10-05,6,1518177.71,,Train,,0
2012-10-12,6,1459396.84,,Train,,0
2012-10-19,6,1436883.99,,Train,,0
2012-10-26,6,1431426.34,,Train,,0
2010-02-26,7,496083.24,,Train,,0
2010-03-05,7,491419.55,,Train,,0
2010-03-12,7,480452.1,,Train,,0
2010-03-19,7,574450.23,,Train,,0
2010-03-26,7,514731.6,,Train,,0
2010-04-02,7,561145.14,,Train,,0
2010-04-09,7,484263.25,,Train,,0
2010-04-16,7,406228.19,,Train,,0
2010-04-23,7,404751.25,,Train,,0
2010-04-30,7,373655.61,,Train,,0
2010-05-07,7,395453.83,,Train,,0
2010-05-14,7,372673.61,,Train,,0
2010-05-21,7,395195.65,,Train,,0
2010-05-28,7,442734.55,,Train,,0
2010-06-04,7,509183.22,,Train,,0
2010-06-11,7,498580.87,,Train,,0
2010-06-18,7,481144.09,,Train,,0
2010-06-25,7,553714.87,,Train,,0
2010-07-02,7,575570.77,,Train,,0
2010-07-09,7,593462.34,,Train,,0
2010-07-16,7,557166.35,,Train,,0
2010-07-23,7,570231.21,,Train,,0
2010-07-30,7,603547.16,,Train,,0
2010-08-06,7,643854.17,,Train,,0
2010-08-13,7,598185.4,,Train,,0
2010-08-20,7,582353.17,,Train,,0
2010-08-27,7,554309.24,,Train,,0
2010-09-03,7,532765.05,,Train,,0
2010-09-10,7,535769.32,,Train,,1
2010-09-17,7,489408.53,,Train,,0
2010-09-24,7,488008.83,,Train,,0
2010-10-01,7,448998.73,,Train,,0
2010-10-08,7,480239.88,,Train,,0
2010-10-15,7,463370.48,,Train,,0
2010-10-22,7,472450.81,,Train,,0
2010-10-29,7,465493.15,,Train,,0
2010-11-05,7,480512.44,,Train,,0
2010-11-12,7,507584.29,,Train,,0
2010-11-19,7,482528.36,,Train,,0
2010-11-26,7,835189.26,,Train,,1
2010-12-03,7,552811.62,,Train,,0
2010-12-10,7,599730.07,,Train,,0
2010-12-17,7,716388.81,,Train,,0
2010-12-24,7,1045124.88,,Train,,0
2010-12-31,7,729572.08,,Train,,1
2011-01-07,7,661163.94,,Train,,0
2011-01-14,7,547384.9,,Train,,0
2011-01-21,7,521539.46,,Train,,0
2011-01-28,7,513372.17,,Train,,0
2011-02-04,7,558027.77,,Train,,0
2011-02-11,7,559903.13,,Train,,1
2011-02-18,7,572387.47,,Train,,0
2011-02-25,7,546690.84,,Train,,0
2011-03-04,7,551378.39,,Train,,0
2011-03-11,7,558963.83,,Train,,0
2011-03-18,7,635014.69,,Train,,0
2011-03-25,7,559061.58,,Train,,0
2011-04-01,7,513409.67,,Train,,0
2011-04-08,7,500552.16,,Train,,0
2011-04-15,7,423380.14,,Train,,0
2011-04-22,7,466594.89,,Train,,0
2011-04-29,7,410429.73,,Train,,0
2011-05-06,7,407012.47,,Train,,0
2011-05-13,7,414094.05,,Train,,0
2011-05-20,7,424670.98,,Train,,0
2011-05-27,7,457216.87,,Train,,0
2011-06-03,7,542295.37,,Train,,0
2011-06-10,7,621099.95,,Train,,0
2011-06-17,7,610991.35,,Train,,0
2011-06-24,7,640043.97,,Train,,0
2011-07-01,7,704344.21,,Train,,0
2011-07-08,7,761793.94,,Train,,0
2011-07-15,7,642748.21,,Train,,0
2011-07-22,7,688043.96,,Train,,0
2011-07-29,7,653382.62,,Train,,0
2011-08-05,7,695392.84,,Train,,0
2011-08-12,7,670670.46,,Train,,0
2011-08-19,7,645156.21,,Train,,0
2011-08-26,7,629994.47,,Train,,0
2011-09-02,7,592355.24,,Train,,0
2011-09-09,7,613135.23,,Train,,1
2011-09-16,7,558981.45,,Train,,0
2011-09-23,7,536144.81,,Train,,0
2011-09-30,7,488880.26,,Train,,0
2011-10-07,7,525866.36,,Train,,0
2011-10-14,7,501959.19,,Train,,0
2011-10-21,7,558691.43,,Train,,0
2011-10-28,7,527339.52,,Train,,0
2011-11-04,7,564536.01,,Train,,0
2011-11-11,7,556015.59,,Train,,0
2011-11-18,7,539826.56,,Train,,0
2011-11-25,7,949075.87,,Train,,1
2011-12-02,7,591907.88,,Train,,0
2011-12-09,7,653845.45,,Train,,0
2011-12-16,7,720242.19,,Train,,0
2011-12-23,7,1059715.27,,Train,,0
2011-12-30,7,815915.52,,Train,,1
2012-01-06,7,713117.66,,Train,,0
2012-01-13,7,593875.46,,Train,,0
2012-01-20,7,578002.85,,Train,,0
2012-01-27,7,541037.98,,Train,,0
2012-02-03,7,580453.32,,Train,,0
2012-02-10,7,563460.77,,Train,,1
2012-02-17,7,620908.18,,Train,,0
2012-02-24,7,603041.14,,Train,,0
2012-03-02,7,551058.13,,Train,,0
2012-03-09,7,579166.5,,Train,,0
2012-03-16,7,669205.73,,Train,,0
2012-03-23,7,615997.29,,Train,,0
2012-03-30,7,583322.2,,Train,,0
2012-04-06,7,621425.98,,Train,,0
2012-04-13,7,517420.23,,Train,,0
2012-04-20,7,457340.06,,Train,,0
2012-04-27,7,467827.75,,Train,,0
2012-05-04,7,465198.89,,Train,,0
2012-05-11,7,460397.41,,Train,,0
2012-05-18,7,468428.3,,Train,,0
2012-05-25,7,532739.77,,Train,,0
2012-06-01,7,598495.02,,Train,,0
2012-06-08,7,642963.75,,Train,,0
2012-06-15,7,666942.02,,Train,,0
2012-06-22,7,687344.68,,Train,,0
2012-06-29,7,704335.41,,Train,,0
2012-07-06,7,805642.61,,Train,,0
2012-07-13,7,694150.89,,Train,,0
2012-07-20,7,686345.69,,Train,,0
2012-07-27,7,686365.4,,Train,,0
2012-08-03,7,680954.81,,Train,,0
2012-08-10,7,675926.3,,Train,,0
2012-08-17,7,642450.4,,Train,,0
2012-08-24,7,609099.37,,Train,,0
2012-08-31,7,586467.16,,Train,,0
2012-09-07,7,597876.55,,Train,,1
2012-09-14,7,541120.2,,Train,,0
2012-09-21,7,530842.25,,Train,,0
2012-09-28,7,525545.76,,Train,,0
2012-10-05,7,505830.56,,Train,,0
2012-10-12,7,503463.93,,Train,,0
2012-10-19,7,516424.83,,Train,,0
2012-10-26,7,495543.28,,Train,,0
2010-02-26,8,847592.11,,Train,,0
2010-03-05,8,881503.95,,Train,,0
2010-03-12,8,860336.16,,Train,,0
2010-03-19,8,839911.0,,Train,,0
2010-03-26,8,772539.12,,Train,,0
2010-04-02,8,914500.91,,Train,,0
2010-04-09,8,916033.92,,Train,,0
2010-04-16,8,882917.12,,Train,,0
2010-04-23,8,850440.26,,Train,,0
2010-04-30,8,778672.64,,Train,,0
2010-05-07,8,916820.96,,Train,,0
2010-05-14,8,873337.84,,Train,,0
2010-05-21,8,818333.21,,Train,,0
2010-05-28,8,868041.56,,Train,,0
2010-06-04,8,958225.41,,Train,,0
2010-06-11,8,914835.86,,Train,,0
2010-06-18,8,869922.56,,Train,,0
2010-06-25,8,814919.11,,Train,,0
2010-07-02,8,852333.75,,Train,,0
2010-07-09,8,845289.77,,Train,,0
2010-07-16,8,848630.57,,Train,,0
2010-07-23,8,785515.88,,Train,,0
2010-07-30,8,787295.09,,Train,,0
2010-08-06,8,893399.77,,Train,,0
2010-08-13,8,867919.21,,Train,,0
2010-08-20,8,870676.44,,Train,,0
2010-08-27,8,888816.78,,Train,,0
2010-09-03,8,899036.47,,Train,,0
2010-09-10,8,831425.2,,Train,,1
2010-09-17,8,836707.85,,Train,,0
2010-09-24,8,773725.08,,Train,,0
2010-10-01,8,804105.49,,Train,,0
2010-10-08,8,870349.86,,Train,,0
2010-10-15,8,826546.96,,Train,,0
2010-10-22,8,836419.14,,Train,,0
2010-10-29,8,830756.76,,Train,,0
2010-11-05,8,927266.34,,Train,,0
2010-11-12,8,911538.98,,Train,,0
2010-11-19,8,885608.04,,Train,,0
2010-11-26,8,1261693.16,,Train,,1
2010-12-03,8,952766.93,,Train,,0
2010-12-10,8,1069061.63,,Train,,0
2010-12-17,8,1220579.55,,Train,,0
2010-12-24,8,1511641.09,,Train,,0
2010-12-31,8,773586.49,,Train,,1
2011-01-07,8,873065.23,,Train,,0
2011-01-14,8,809646.66,,Train,,0
2011-01-21,8,822668.23,,Train,,0
2011-01-28,8,782256.66,,Train,,0
2011-02-04,8,944594.78,,Train,,0
2011-02-11,8,996147.39,,Train,,1
2011-02-18,8,1065108.64,,Train,,0
2011-02-25,8,917317.15,,Train,,0
2011-03-04,8,935266.43,,Train,,0
2011-03-11,8,900387.29,,Train,,0
2011-03-18,8,898289.14,,Train,,0
2011-03-25,8,827968.36,,Train,,0
2011-04-01,8,878762.3,,Train,,0
2011-04-08,8,949825.83,,Train,,0
2011-04-15,8,908278.74,,Train,,0
2011-04-22,8,937473.13,,Train,,0
2011-04-29,8,855014.77,,Train,,0
2011-05-06,8,941457.34,,Train,,0
2011-05-13,8,895763.41,,Train,,0
2011-05-20,8,836049.89,,Train,,0
2011-05-27,8,857939.41,,Train,,0
2011-06-03,8,929222.16,,Train,,0
2011-06-10,8,897309.41,,Train,,0
2011-06-17,8,922048.41,,Train,,0
2011-06-24,8,864881.24,,Train,,0
2011-07-01,8,883683.35,,Train,,0
2011-07-08,8,861965.12,,Train,,0
2011-07-15,8,849925.37,,Train,,0
2011-07-22,8,829902.42,,Train,,0
2011-07-29,8,807082.19,,Train,,0
2011-08-05,8,892393.77,,Train,,0
2011-08-12,8,856796.1,,Train,,0
2011-08-19,8,895066.5,,Train,,0
2011-08-26,8,912542.82,,Train,,0
2011-09-02,8,891387.14,,Train,,0
2011-09-09,8,848358.09,,Train,,1
2011-09-16,8,870971.82,,Train,,0
2011-09-23,8,806444.29,,Train,,0
2011-09-30,8,809049.37,,Train,,0
2011-10-07,8,929976.55,,Train,,0
2011-10-14,8,863188.26,,Train,,0
2011-10-21,8,905984.49,,Train,,0
2011-10-28,8,876712.31,,Train,,0
2011-11-04,8,947815.05,,Train,,0
2011-11-11,8,917088.48,,Train,,0
2011-11-18,8,897032.19,,Train,,0
2011-11-25,8,1235163.86,,Train,,1
2011-12-02,8,986601.46,,Train,,0
2011-12-09,8,1051922.95,,Train,,0
2011-12-16,8,1118163.94,,Train,,0
2011-12-23,8,1462254.05,,Train,,0
2011-12-30,8,858572.22,,Train,,1
2012-01-06,8,872113.23,,Train,,0
2012-01-13,8,817661.76,,Train,,0
2012-01-20,8,813954.82,,Train,,0
2012-01-27,8,778178.53,,Train,,0
2012-02-03,8,927610.69,,Train,,0
2012-02-10,8,1021400.42,,Train,,1
2012-02-17,8,1096232.89,,Train,,0
2012-02-24,8,928537.54,,Train,,0
2012-03-02,8,952264.91,,Train,,0
2012-03-09,8,960115.56,,Train,,0
2012-03-16,8,921178.39,,Train,,0
2012-03-23,8,874223.25,,Train,,0
2012-03-30,8,905935.29,,Train,,0
2012-04-06,8,1046816.59,,Train,,0
2012-04-13,8,909989.45,,Train,,0
2012-04-20,8,872288.46,,Train,,0
2012-04-27,8,879448.25,,Train,,0
2012-05-04,8,937232.09,,Train,,0
2012-05-11,8,920128.89,,Train,,0
2012-05-18,8,913922.01,,Train,,0
2012-05-25,8,895157.44,,Train,,0
2012-06-01,8,921161.2,,Train,,0
2012-06-08,8,928820.0,,Train,,0
2012-06-15,8,916918.7,,Train,,0
2012-06-22,8,899449.65,,Train,,0
2012-06-29,8,878298.22,,Train,,0
2012-07-06,8,936205.5,,Train,,0
2012-07-13,8,890488.01,,Train,,0
2012-07-20,8,888834.07,,Train,,0
2012-07-27,8,838227.52,,Train,,0
2012-08-03,8,897076.73,,Train,,0
2012-08-10,8,930745.69,,Train,,0
2012-08-17,8,896613.19,,Train,,0
2012-08-24,8,936373.65,,Train,,0
2012-08-31,8,976137.73,,Train,,0
2012-09-07,8,932160.37,,Train,,1
2012-09-14,8,883569.38,,Train,,0
2012-09-21,8,857796.45,,Train,,0
2012-09-28,8,884724.41,,Train,,0
2012-10-05,8,976436.02,,Train,,0
2012-10-12,8,927511.99,,Train,,0
2012-10-19,8,900309.75,,Train,,0
2012-10-26,8,891671.44,,Train,,0
2010-02-26,9,473773.27,,Train,,0
2010-03-05,9,507297.88,,Train,,0
2010-03-12,9,494145.8,,Train,,0
2010-03-19,9,485744.61,,Train,,0
2010-03-26,9,484946.56,,Train,,0
2010-04-02,9,545206.32,,Train,,0
2010-04-09,9,529384.31,,Train,,0
2010-04-16,9,485764.32,,Train,,0
2010-04-23,9,488683.57,,Train,,0
2010-04-30,9,491723.42,,Train,,0
2010-05-07,9,526128.61,,Train,,0
2010-05-14,9,492792.8,,Train,,0
2010-05-21,9,506274.94,,Train,,0
2010-05-28,9,558143.53,,Train,,0
2010-06-04,9,586061.46,,Train,,0
2010-06-11,9,522715.68,,Train,,0
2010-06-18,9,513073.87,,Train,,0
2010-06-25,9,509263.28,,Train,,0
2010-07-02,9,528832.54,,Train,,0
2010-07-09,9,485389.15,,Train,,0
2010-07-16,9,474030.51,,Train,,0
2010-07-23,9,462676.5,,Train,,0
2010-07-30,9,468675.19,,Train,,0
2010-08-06,9,522815.45,,Train,,0
2010-08-13,9,481897.98,,Train,,0
2010-08-20,9,499325.38,,Train,,0
2010-08-27,9,506789.66,,Train,,0
2010-09-03,9,511049.06,,Train,,0
2010-09-10,9,484835.2,,Train,,1
2010-09-17,9,463448.59,,Train,,0
2010-09-24,9,452905.22,,Train,,0
2010-10-01,9,495692.19,,Train,,0
2010-10-08,9,505069.21,,Train,,0
2010-10-15,9,454769.68,,Train,,0
2010-10-22,9,466322.76,,Train,,0
2010-10-29,9,508801.61,,Train,,0
2010-11-05,9,517869.97,,Train,,0
2010-11-12,9,520846.68,,Train,,0
2010-11-19,9,519823.3,,Train,,0
2010-11-26,9,768070.53,,Train,,1
2010-12-03,9,578164.82,,Train,,0
2010-12-10,9,618121.82,,Train,,0
2010-12-17,9,685243.2,,Train,,0
2010-12-24,9,873347.55,,Train,,0
2010-12-31,9,459770.85,,Train,,1
2011-01-07,9,490981.78,,Train,,0
2011-01-14,9,458086.69,,Train,,0
2011-01-21,9,454021.69,,Train,,0
2011-01-28,9,463561.48,,Train,,0
2011-02-04,9,544612.28,,Train,,0
2011-02-11,9,555279.02,,Train,,1
2011-02-18,9,610985.56,,Train,,0
2011-02-25,9,513107.2,,Train,,0
2011-03-04,9,542016.18,,Train,,0
2011-03-11,9,517783.5,,Train,,0
2011-03-18,9,515226.11,,Train,,0
2011-03-25,9,497488.4,,Train,,0
2011-04-01,9,520962.14,,Train,,0
2011-04-08,9,561625.92,,Train,,0
2011-04-15,9,528420.28,,Train,,0
2011-04-22,9,549502.11,,Train,,0
2011-04-29,9,532226.2,,Train,,0
2011-05-06,9,545251.1,,Train,,0
2011-05-13,9,539126.0,,Train,,0
2011-05-20,9,518266.9,,Train,,0
2011-05-27,9,553834.04,,Train,,0
2011-06-03,9,587004.29,,Train,,0
2011-06-10,9,550076.32,,Train,,0
2011-06-17,9,558671.14,,Train,,0
2011-06-24,9,538745.93,,Train,,0
2011-07-01,9,537064.03,,Train,,0
2011-07-08,9,535983.13,,Train,,0
2011-07-15,9,512834.04,,Train,,0
2011-07-22,9,491449.94,,Train,,0
2011-07-29,9,471449.98,,Train,,0
2011-08-05,9,554879.67,,Train,,0
2011-08-12,9,520284.79,,Train,,0
2011-08-19,9,540819.44,,Train,,0
2011-08-26,9,542663.53,,Train,,0
2011-09-02,9,544643.33,,Train,,0
2011-09-09,9,528784.86,,Train,,1
2011-09-16,9,500274.03,,Train,,0
2011-09-23,9,506743.78,,Train,,0
2011-09-30,9,508567.04,,Train,,0
2011-10-07,9,553836.98,,Train,,0
2011-10-14,9,529515.66,,Train,,0
2011-10-21,9,557075.21,,Train,,0
2011-10-28,9,548527.49,,Train,,0
2011-11-04,9,597855.07,,Train,,0
2011-11-11,9,594574.12,,Train,,0
2011-11-18,9,542414.27,,Train,,0
2011-11-25,9,814753.5,,Train,,1
2011-12-02,9,613115.21,,Train,,0
2011-12-09,9,630327.28,,Train,,0
2011-12-16,9,705557.97,,Train,,0
2011-12-23,9,905324.68,,Train,,0
2011-12-30,9,549788.36,,Train,,1
2012-01-06,9,519585.67,,Train,,0
2012-01-13,9,474964.6,,Train,,0
2012-01-20,9,480130.04,,Train,,0
2012-01-27,9,482451.21,,Train,,0
2012-02-03,9,549967.89,,Train,,0
2012-02-10,9,609736.12,,Train,,1
2012-02-17,9,658965.05,,Train,,0
2012-02-24,9,563578.79,,Train,,0
2012-03-02,9,619498.28,,Train,,0
2012-03-09,9,574955.95,,Train,,0
2012-03-16,9,550373.57,,Train,,0
2012-03-23,9,550791.32,,Train,,0
2012-03-30,9,574985.37,,Train,,0
2012-04-06,9,677885.99,,Train,,0
2012-04-13,9,578539.86,,Train,,0
2012-04-20,9,542819.03,,Train,,0
2012-04-27,9,550414.99,,Train,,0
2012-05-04,9,586289.08,,Train,,0
2012-05-11,9,592572.3,,Train,,0
2012-05-18,9,571463.93,,Train,,0
2012-05-25,9,547226.0,,Train,,0
2012-06-01,9,583648.59,,Train,,0
2012-06-08,9,582525.42,,Train,,0
2012-06-15,9,564606.1,,Train,,0
2012-06-22,9,562173.12,,Train,,0
2012-06-29,9,544770.7,,Train,,0
2012-07-06,9,578790.36,,Train,,0
2012-07-13,9,536537.64,,Train,,0
2012-07-20,9,513991.57,,Train,,0
2012-07-27,9,495951.0,,Train,,0
2012-08-03,9,533887.54,,Train,,0
2012-08-10,9,538713.47,,Train,,0
2012-08-17,9,535153.47,,Train,,0
2012-08-24,9,572887.78,,Train,,0
2012-08-31,9,576879.15,,Train,,0
2012-09-07,9,565812.29,,Train,,1
2012-09-14,9,523427.35,,Train,,0
2012-09-21,9,533756.88,,Train,,0
2012-09-28,9,516361.06,,Train,,0
2012-10-05,9,606755.3,,Train,,0
2012-10-12,9,558464.8,,Train,,0
2012-10-19,9,542009.46,,Train,,0
2012-10-26,9,549731.49,,Train,,0
2010-02-26,10,2006774.96,,Train,,0
2010-03-05,10,1987090.09,,Train,,0
2010-03-12,10,1941346.13,,Train,,0
2010-03-19,10,1946875.06,,Train,,0
2010-03-26,10,1893532.46,,Train,,0
2010-04-02,10,2138651.97,,Train,,0
2010-04-09,10,2041069.37,,Train,,0
2010-04-16,10,1826241.44,,Train,,0
2010-04-23,10,1829521.83,,Train,,0
2010-04-30,10,1790694.59,,Train,,0
2010-05-07,10,1921432.16,,Train,,0
2010-05-14,10,1808056.41,,Train,,0
2010-05-21,10,1847613.58,,Train,,0
2010-05-28,10,1904618.17,,Train,,0
2010-06-04,10,1931406.28,,Train,,0
2010-06-11,10,1827521.71,,Train,,0
2010-06-18,10,1837636.24,,Train,,0
2010-06-25,10,1768172.31,,Train,,0
2010-07-02,10,1845893.87,,Train,,0
2010-07-09,10,1769793.37,,Train,,0
2010-07-16,10,1828052.47,,Train,,0
2010-07-23,10,1831676.03,,Train,,0
2010-07-30,10,1832664.03,,Train,,0
2010-08-06,10,1949236.09,,Train,,0
2010-08-13,10,1962996.7,,Train,,0
2010-08-20,10,1983190.56,,Train,,0
2010-08-27,10,1727565.42,,Train,,0
2010-09-03,10,1766331.45,,Train,,0
2010-09-10,10,1720530.23,,Train,,1
2010-09-17,10,1716755.78,,Train,,0
2010-09-24,10,1655036.75,,Train,,0
2010-10-01,10,1645892.97,,Train,,0
2010-10-08,10,1772192.42,,Train,,0
2010-10-15,10,1703850.25,,Train,,0
2010-10-22,10,1740234.06,,Train,,0
2010-10-29,10,1741308.56,,Train,,0
2010-11-05,10,1832211.96,,Train,,0
2010-11-12,10,1895901.59,,Train,,0
2010-11-19,10,1949177.13,,Train,,0
2010-11-26,10,2939946.38,,Train,,1
2010-12-03,10,2251206.64,,Train,,0
2010-12-10,10,2411790.21,,Train,,0
2010-12-17,10,2811646.85,,Train,,0
2010-12-24,10,3749057.69,,Train,,0
2010-12-31,10,1707298.14,,Train,,1
2011-01-07,10,1714309.9,,Train,,0
2011-01-14,10,1710803.59,,Train,,0
2011-01-21,10,1677556.18,,Train,,0
2011-01-28,10,1715769.05,,Train,,0
2011-02-04,10,1968045.91,,Train,,0
2011-02-11,10,2115408.31,,Train,,1
2011-02-18,10,2106934.55,,Train,,0
2011-02-25,10,1967996.71,,Train,,0
2011-03-04,10,1958003.19,,Train,,0
2011-03-11,10,1933469.15,,Train,,0
2011-03-18,10,1884734.31,,Train,,0
2011-03-25,10,1815798.85,,Train,,0
2011-04-01,10,1827733.18,,Train,,0
2011-04-08,10,1870720.73,,Train,,0
2011-04-15,10,1781767.22,,Train,,0
2011-04-22,10,2004831.14,,Train,,0
2011-04-29,10,1873646.34,,Train,,0
2011-05-06,10,1841369.99,,Train,,0
2011-05-13,10,1712995.44,,Train,,0
2011-05-20,10,1720908.01,,Train,,0
2011-05-27,10,1743000.38,,Train,,0
2011-06-03,10,1792210.89,,Train,,0
2011-06-10,10,1740063.1,,Train,,0
2011-06-17,10,1817934.76,,Train,,0
2011-06-24,10,1711813.13,,Train,,0
2011-07-01,10,1751369.75,,Train,,0
2011-07-08,10,1699708.38,,Train,,0
2011-07-15,10,1775068.4,,Train,,0
2011-07-22,10,1774342.61,,Train,,0
2011-07-29,10,1745841.33,,Train,,0
2011-08-05,10,1886299.98,,Train,,0
2011-08-12,10,1917397.63,,Train,,0
2011-08-19,10,1954849.68,,Train,,0
2011-08-26,10,1728399.07,,Train,,0
2011-09-02,10,1758587.35,,Train,,0
2011-09-09,10,1670579.82,,Train,,1
2011-09-16,10,1650894.3,,Train,,0
2011-09-23,10,1685910.53,,Train,,0
2011-09-30,10,1627707.31,,Train,,0
2011-10-07,10,1788227.6,,Train,,0
2011-10-14,10,1704753.02,,Train,,0
2011-10-21,10,1745928.56,,Train,,0
2011-10-28,10,1771792.97,,Train,,0
2011-11-04,10,1904438.59,,Train,,0
2011-11-11,10,2076570.84,,Train,,0
2011-11-18,10,1869087.85,,Train,,0
2011-11-25,10,2950198.64,,Train,,1
2011-12-02,10,2068097.18,,Train,,0
2011-12-09,10,2429310.9,,Train,,0
2011-12-16,10,2555031.18,,Train,,0
2011-12-23,10,3487986.89,,Train,,0
2011-12-30,10,1930690.37,,Train,,1
2012-01-06,10,1683401.78,,Train,,0
2012-01-13,10,1711562.73,,Train,,0
2012-01-20,10,1675562.94,,Train,,0
2012-01-27,10,1632406.0,,Train,,0
2012-02-03,10,1867403.01,,Train,,0
2012-02-10,10,2218595.8,,Train,,1
2012-02-17,10,2168709.76,,Train,,0
2012-02-24,10,2039415.74,,Train,,0
2012-03-02,10,1990371.02,,Train,,0
2012-03-09,10,1917483.1,,Train,,0
2012-03-16,10,1930814.66,,Train,,0
2012-03-23,10,1837457.69,,Train,,0
2012-03-30,10,1815760.42,,Train,,0
2012-04-06,10,2163384.17,,Train,,0
2012-04-13,10,1974687.51,,Train,,0
2012-04-20,10,1777166.53,,Train,,0
2012-04-27,10,1712987.56,,Train,,0
2012-05-04,10,1821364.42,,Train,,0
2012-05-11,10,1792345.3,,Train,,0
2012-05-18,10,1795152.73,,Train,,0
2012-05-25,10,1830939.1,,Train,,0
2012-06-01,10,1767471.48,,Train,,0
2012-06-08,10,1840491.41,,Train,,0
2012-06-15,10,1811562.88,,Train,,0
2012-06-22,10,1755334.18,,Train,,0
2012-06-29,10,1707481.9,,Train,,0
2012-07-06,10,1805999.79,,Train,,0
2012-07-13,10,1765571.91,,Train,,0
2012-07-20,10,1869967.03,,Train,,0
2012-07-27,10,1817603.66,,Train,,0
2012-08-03,10,1939440.09,,Train,,0
2012-08-10,10,1880436.94,,Train,,0
2012-08-17,10,1827797.4,,Train,,0
2012-08-24,10,1764984.15,,Train,,0
2012-08-31,10,1650285.54,,Train,,0
2012-09-07,10,1708283.28,,Train,,1
2012-09-14,10,1640168.99,,Train,,0
2012-09-21,10,1671857.57,,Train,,0
2012-09-28,10,1694862.41,,Train,,0
2012-10-05,10,1758971.38,,Train,,0
2012-10-12,10,1713889.11,,Train,,0
2012-10-19,10,1734834.82,,Train,,0
2012-10-26,10,1744349.05,,Train,,0
2010-02-26,11,1336404.65,,Train,,0
2010-03-05,11,1426622.65,,Train,,0
2010-03-12,11,1331883.16,,Train,,0
2010-03-19,11,1364207.0,,Train,,0
2010-03-26,11,1245624.27,,Train,,0
2010-04-02,11,1446210.26,,Train,,0
2010-04-09,11,1470308.32,,Train,,0
2010-04-16,11,1323243.35,,Train,,0
2010-04-23,11,1283766.55,,Train,,0
2010-04-30,11,1239766.89,,Train,,0
2010-05-07,11,1312329.78,,Train,,0
2010-05-14,11,1266796.13,,Train,,0
2010-05-21,11,1271646.62,,Train,,0
2010-05-28,11,1264272.52,,Train,,0
2010-06-04,11,1396322.19,,Train,,0
2010-06-11,11,1339570.85,,Train,,0
2010-06-18,11,1336522.92,,Train,,0
2010-06-25,11,1262025.08,,Train,,0
2010-07-02,11,1302600.14,,Train,,0
2010-07-09,11,1280156.47,,Train,,0
2010-07-16,11,1290609.54,,Train,,0
2010-07-23,11,1244390.03,,Train,,0
2010-07-30,11,1250178.89,,Train,,0
2010-08-06,11,1369634.92,,Train,,0
2010-08-13,11,1384339.1,,Train,,0
2010-08-20,11,1430192.37,,Train,,0
2010-08-27,11,1311263.07,,Train,,0
2010-09-03,11,1303914.27,,Train,,0
2010-09-10,11,1231428.46,,Train,,1
2010-09-17,11,1215676.31,,Train,,0
2010-09-24,11,1170103.25,,Train,,0
2010-10-01,11,1182490.46,,Train,,0
2010-10-08,11,1293472.8,,Train,,0
2010-10-15,11,1175003.67,,Train,,0
2010-10-22,11,1169831.38,,Train,,0
2010-10-29,11,1195036.0,,Train,,0
2010-11-05,11,1332759.13,,Train,,0
2010-11-12,11,1281675.6,,Train,,0
2010-11-19,11,1292346.57,,Train,,0
2010-11-26,11,1757242.51,,Train,,1
2010-12-03,11,1380522.64,,Train,,0
2010-12-10,11,1564516.43,,Train,,0
2010-12-17,11,1843971.15,,Train,,0
2010-12-24,11,2306265.36,,Train,,0
2010-12-31,11,1172003.1,,Train,,1
2011-01-07,11,1178905.44,,Train,,0
2011-01-14,11,1194449.78,,Train,,0
2011-01-21,11,1187776.19,,Train,,0
2011-01-28,11,1100418.69,,Train,,0
2011-02-04,11,1422546.05,,Train,,0
2011-02-11,11,1419236.9,,Train,,1
2011-02-18,11,1554747.15,,Train,,0
2011-02-25,11,1323999.36,,Train,,0
2011-03-04,11,1399456.99,,Train,,0
2011-03-11,11,1314557.31,,Train,,0
2011-03-18,11,1391813.69,,Train,,0
2011-03-25,11,1229777.24,,Train,,0
2011-04-01,11,1258674.12,,Train,,0
2011-04-08,11,1327401.06,,Train,,0
2011-04-15,11,1312905.8,,Train,,0
2011-04-22,11,1388118.53,,Train,,0
2011-04-29,11,1357589.89,,Train,,0
2011-05-06,11,1331453.41,,Train,,0
2011-05-13,11,1277959.42,,Train,,0
2011-05-20,11,1239466.97,,Train,,0
2011-05-27,11,1216876.52,,Train,,0
2011-06-03,11,1343637.0,,Train,,0
2011-06-10,11,1314626.75,,Train,,0
2011-06-17,11,1337506.74,,Train,,0
2011-06-24,11,1254587.84,,Train,,0
2011-07-01,11,1297472.06,,Train,,0
2011-07-08,11,1334627.96,,Train,,0
2011-07-15,11,1266546.73,,Train,,0
2011-07-22,11,1290576.44,,Train,,0
2011-07-29,11,1212938.67,,Train,,0
2011-08-05,11,1403198.94,,Train,,0
2011-08-12,11,1354188.43,,Train,,0
2011-08-19,11,1484169.74,,Train,,0
2011-08-26,11,1304706.75,,Train,,0
2011-09-02,11,1297792.41,,Train,,0
2011-09-09,11,1249439.95,,Train,,1
2011-09-16,11,1270816.01,,Train,,0
2011-09-23,11,1235775.15,,Train,,0
2011-09-30,11,1190515.83,,Train,,0
2011-10-07,11,1346271.06,,Train,,0
2011-10-14,11,1286388.96,,Train,,0
2011-10-21,11,1325107.53,,Train,,0
2011-10-28,11,1310684.1,,Train,,0
2011-11-04,11,1458287.38,,Train,,0
2011-11-11,11,1366053.69,,Train,,0
2011-11-18,11,1315091.63,,Train,,0
2011-11-25,11,1848953.48,,Train,,1
2011-12-02,11,1399322.44,,Train,,0
2011-12-09,11,1646655.94,,Train,,0
2011-12-16,11,1783910.06,,Train,,0
2011-12-23,11,2213518.5,,Train,,0
2011-12-30,11,1352084.21,,Train,,1
2012-01-06,11,1283885.55,,Train,,0
2012-01-13,11,1264736.59,,Train,,0
2012-01-20,11,1207303.29,,Train,,0
2012-01-27,11,1162675.85,,Train,,0
2012-02-03,11,1376732.18,,Train,,0
2012-02-10,11,1574287.76,,Train,,1
2012-02-17,11,1569607.94,,Train,,0
2012-02-24,11,1379473.03,,Train,,0
2012-03-02,11,1438383.44,,Train,,0
2012-03-09,11,1413382.76,,Train,,0
2012-03-16,11,1441884.28,,Train,,0
2012-03-23,11,1300593.61,,Train,,0
2012-03-30,11,1300104.03,,Train,,0
2012-04-06,11,1596325.01,,Train,,0
2012-04-13,11,1472752.01,,Train,,0
2012-04-20,11,1315356.99,,Train,,0
2012-04-27,11,1236238.29,,Train,,0
2012-05-04,11,1370251.22,,Train,,0
2012-05-11,11,1300147.07,,Train,,0
2012-05-18,11,1352442.31,,Train,,0
2012-05-25,11,1297335.87,,Train,,0
2012-06-01,11,1361595.33,,Train,,0
2012-06-08,11,1414343.53,,Train,,0
2012-06-15,11,1417875.42,,Train,,0
2012-06-22,11,1355680.3,,Train,,0
2012-06-29,11,1297028.6,,Train,,0
2012-07-06,11,1461129.94,,Train,,0
2012-07-13,11,1320239.51,,Train,,0
2012-07-20,11,1344483.81,,Train,,0
2012-07-27,11,1272395.02,,Train,,0
2012-08-03,11,1399341.07,,Train,,0
2012-08-10,11,1388973.65,,Train,,0
2012-08-17,11,1421307.2,,Train,,0
2012-08-24,11,1409515.73,,Train,,0
2012-08-31,11,1372872.35,,Train,,0
2012-09-07,11,1304584.4,,Train,,1
2012-09-14,11,1267675.05,,Train,,0
2012-09-21,11,1326132.98,,Train,,0
2012-09-28,11,1227430.73,,Train,,0
2012-10-05,11,1422794.26,,Train,,0
2012-10-12,11,1311965.09,,Train,,0
2012-10-19,11,1232073.18,,Train,,0
2012-10-26,11,1200729.45,,Train,,0
2010-02-26,12,1048617.17,,Train,,0
2010-03-05,12,1077018.27,,Train,,0
2010-03-12,12,985594.23,,Train,,0
2010-03-19,12,972088.34,,Train,,0
2010-03-26,12,981615.81,,Train,,0
2010-04-02,12,1011822.3,,Train,,0
2010-04-09,12,1041238.87,,Train,,0
2010-04-16,12,957997.52,,Train,,0
2010-04-23,12,993833.44,,Train,,0
2010-04-30,12,954220.22,,Train,,0
2010-05-07,12,1043240.27,,Train,,0
2010-05-14,12,966054.97,,Train,,0
2010-05-21,12,958374.56,,Train,,0
2010-05-28,12,955451.16,,Train,,0
2010-06-04,12,1049357.36,,Train,,0
2010-06-11,12,1016039.71,,Train,,0
2010-06-18,12,956211.2,,Train,,0
2010-06-25,12,958007.69,,Train,,0
2010-07-02,12,951957.31,,Train,,0
2010-07-09,12,943506.28,,Train,,0
2010-07-16,12,916402.76,,Train,,0
2010-07-23,12,912403.67,,Train,,0
2010-07-30,12,913548.25,,Train,,0
2010-08-06,12,967576.95,,Train,,0
2010-08-13,12,928264.4,,Train,,0
2010-08-20,12,948447.34,,Train,,0
2010-08-27,12,1004516.46,,Train,,0
2010-09-03,12,1075758.55,,Train,,0
2010-09-10,12,903119.03,,Train,,1
2010-09-17,12,852882.61,,Train,,0
2010-09-24,12,851919.34,,Train,,0
2010-10-01,12,850936.26,,Train,,0
2010-10-08,12,918335.68,,Train,,0
2010-10-15,12,862419.84,,Train,,0
2010-10-22,12,857883.46,,Train,,0
2010-10-29,12,955294.7,,Train,,0
2010-11-05,12,929690.71,,Train,,0
2010-11-12,12,942475.24,,Train,,0
2010-11-19,12,894493.7,,Train,,0
2010-11-26,12,1601377.41,,Train,,1
2010-12-03,12,1069533.17,,Train,,0
2010-12-10,12,1121934.15,,Train,,0
2010-12-17,12,1295605.35,,Train,,0
2010-12-24,12,1768249.89,,Train,,0
2010-12-31,12,891736.91,,Train,,1
2011-01-07,12,910110.24,,Train,,0
2011-01-14,12,812011.8,,Train,,0
2011-01-21,12,802105.5,,Train,,0
2011-01-28,12,873119.06,,Train,,0
2011-02-04,12,1046068.17,,Train,,0
2011-02-11,12,1086421.57,,Train,,1
2011-02-18,12,1128485.1,,Train,,0
2011-02-25,12,1046203.72,,Train,,0
2011-03-04,12,1085248.21,,Train,,0
2011-03-11,12,997672.62,,Train,,0
2011-03-18,12,1009502.01,,Train,,0
2011-03-25,12,954107.32,,Train,,0
2011-04-01,12,1005463.49,,Train,,0
2011-04-08,12,998362.05,,Train,,0
2011-04-15,12,990951.77,,Train,,0
2011-04-22,12,1016019.47,,Train,,0
2011-04-29,12,994966.1,,Train,,0
2011-05-06,12,1021154.48,,Train,,0
2011-05-13,12,977033.5,,Train,,0
2011-05-20,12,924134.99,,Train,,0
2011-05-27,12,964332.51,,Train,,0
2011-06-03,12,970328.68,,Train,,0
2011-06-10,12,996937.95,,Train,,0
2011-06-17,12,986504.93,,Train,,0
2011-06-24,12,997282.75,,Train,,0
2011-07-01,12,961993.34,,Train,,0
2011-07-08,12,943717.38,,Train,,0
2011-07-15,12,936001.98,,Train,,0
2011-07-22,12,922231.92,,Train,,0
2011-07-29,12,890547.07,,Train,,0
2011-08-05,12,988712.52,,Train,,0
2011-08-12,12,955913.68,,Train,,0
2011-08-19,12,966817.24,,Train,,0
2011-08-26,12,1017593.47,,Train,,0
2011-09-02,12,1052051.45,,Train,,0
2011-09-09,12,922850.57,,Train,,1
2011-09-16,12,889290.23,,Train,,0
2011-09-23,12,871692.74,,Train,,0
2011-09-30,12,866401.45,,Train,,0
2011-10-07,12,951244.66,,Train,,0
2011-10-14,12,927600.01,,Train,,0
2011-10-21,12,938604.58,,Train,,0
2011-10-28,12,990926.38,,Train,,0
2011-11-04,12,1051944.79,,Train,,0
2011-11-11,12,1095091.53,,Train,,0
2011-11-18,12,970641.34,,Train,,0
2011-11-25,12,1591920.42,,Train,,1
2011-12-02,12,1071383.1,,Train,,0
2011-12-09,12,1189646.45,,Train,,0
2011-12-16,12,1293404.18,,Train,,0
2011-12-23,12,1617612.03,,Train,,0
2011-12-30,12,1111638.07,,Train,,1
2012-01-06,12,945823.65,,Train,,0
2012-01-13,12,865467.86,,Train,,0
2012-01-20,12,855922.64,,Train,,0
2012-01-27,12,888203.69,,Train,,0
2012-02-03,12,1058767.95,,Train,,0
2012-02-10,12,1199330.85,,Train,,1
2012-02-17,12,1240048.85,,Train,,0
2012-02-24,12,1112034.72,,Train,,0
2012-03-02,12,1147636.96,,Train,,0
2012-03-09,12,1113208.57,,Train,,0
2012-03-16,12,1088498.52,,Train,,0
2012-03-23,12,1045419.87,,Train,,0
2012-03-30,12,1025382.22,,Train,,0
2012-04-06,12,1128765.71,,Train,,0
2012-04-13,12,1083811.19,,Train,,0
2012-04-20,12,1006486.96,,Train,,0
2012-04-27,12,1004252.38,,Train,,0
2012-05-04,12,1073433.69,,Train,,0
2012-05-11,12,1041995.22,,Train,,0
2012-05-18,12,1020486.05,,Train,,0
2012-05-25,12,991514.21,,Train,,0
2012-06-01,12,981345.2,,Train,,0
2012-06-08,12,1086231.47,,Train,,0
2012-06-15,12,1019555.51,,Train,,0
2012-06-22,12,981386.25,,Train,,0
2012-06-29,12,943124.74,,Train,,0
2012-07-06,12,1014898.78,,Train,,0
2012-07-13,12,960312.75,,Train,,0
2012-07-20,12,941550.34,,Train,,0
2012-07-27,12,916967.92,,Train,,0
2012-08-03,12,958667.23,,Train,,0
2012-08-10,12,984689.9,,Train,,0
2012-08-17,12,1005003.12,,Train,,0
2012-08-24,12,1048101.39,,Train,,0
2012-08-31,12,1061943.49,,Train,,0
2012-09-07,12,955146.04,,Train,,1
2012-09-14,12,885892.37,,Train,,0
2012-09-21,12,922735.37,,Train,,0
2012-09-28,12,880415.67,,Train,,0
2012-10-05,12,979825.92,,Train,,0
2012-10-12,12,934917.47,,Train,,0
2012-10-19,12,960945.43,,Train,,0
2012-10-26,12,974697.6,,Train,,0
2010-02-26,13,1817850.32,,Train,,0
2010-03-05,13,1939980.43,,Train,,0
2010-03-12,13,1840686.94,,Train,,0
2010-03-19,13,1879794.89,,Train,,0
2010-03-26,13,1882095.98,,Train,,0
2010-04-02,13,2142482.14,,Train,,0
2010-04-09,13,1898321.33,,Train,,0
2010-04-16,13,1819660.44,,Train,,0
2010-04-23,13,1909330.77,,Train,,0
2010-04-30,13,1785823.37,,Train,,0
2010-05-07,13,2005478.46,,Train,,0
2010-05-14,13,1890273.44,,Train,,0
2010-05-21,13,1853657.6,,Train,,0
2010-05-28,13,1877358.86,,Train,,0
2010-06-04,13,2022705.22,,Train,,0
2010-06-11,13,2037880.96,,Train,,0
2010-06-18,13,2003435.31,,Train,,0
2010-06-25,13,1970340.25,,Train,,0
2010-07-02,13,2018314.71,,Train,,0
2010-07-09,13,1870843.9,,Train,,0
2010-07-16,13,1932231.05,,Train,,0
2010-07-23,13,1907351.2,,Train,,0
2010-07-30,13,1817887.23,,Train,,0
2010-08-06,13,1969121.45,,Train,,0
2010-08-13,13,1877592.55,,Train,,0
2010-08-20,13,1997397.63,,Train,,0
2010-08-27,13,1908278.27,,Train,,0
2010-09-03,13,1911852.58,,Train,,0
2010-09-10,13,1772143.94,,Train,,1
2010-09-17,13,1790279.74,,Train,,0
2010-09-24,13,1705655.09,,Train,,0
2010-10-01,13,1765584.48,,Train,,0
2010-10-08,13,1871924.07,,Train,,0
2010-10-15,13,1851431.06,,Train,,0
2010-10-22,13,1796949.59,,Train,,0
2010-10-29,13,1887895.07,,Train,,0
2010-11-05,13,1854967.66,,Train,,0
2010-11-12,13,1939964.63,,Train,,0
2010-11-19,13,1925393.91,,Train,,0
2010-11-26,13,2766400.05,,Train,,1
2010-12-03,13,2083379.89,,Train,,0
2010-12-10,13,2461468.35,,Train,,0
2010-12-17,13,2771646.81,,Train,,0
2010-12-24,13,3595903.2,,Train,,0
2010-12-31,13,1675292.0,,Train,,1
2011-01-07,13,1744544.39,,Train,,0
2011-01-14,13,1682316.31,,Train,,0
2011-01-21,13,1770177.37,,Train,,0
2011-01-28,13,1633663.12,,Train,,0
2011-02-04,13,1848186.58,,Train,,0
2011-02-11,13,1944438.9,,Train,,1
2011-02-18,13,2003480.59,,Train,,0
2011-02-25,13,1831933.95,,Train,,0
2011-03-04,13,1894960.68,,Train,,0
2011-03-11,13,1852432.58,,Train,,0
2011-03-18,13,1852443.78,,Train,,0
2011-03-25,13,1807545.43,,Train,,0
2011-04-01,13,1864238.64,,Train,,0
2011-04-08,13,1887465.04,,Train,,0
2011-04-15,13,1950994.04,,Train,,0
2011-04-22,13,2124316.34,,Train,,0
2011-04-29,13,1895583.12,,Train,,0
2011-05-06,13,1986380.4,,Train,,0
2011-05-13,13,1958823.56,,Train,,0
2011-05-20,13,1860923.55,,Train,,0
2011-05-27,13,1866369.93,,Train,,0
2011-06-03,13,1935593.87,,Train,,0
2011-06-10,13,1997816.98,,Train,,0
2011-06-17,13,2086433.49,,Train,,0
2011-06-24,13,2009163.08,,Train,,0
2011-07-01,13,2048035.74,,Train,,0
2011-07-08,13,2021699.38,,Train,,0
2011-07-15,13,1956813.31,,Train,,0
2011-07-22,13,1987089.36,,Train,,0
2011-07-29,13,1880785.69,,Train,,0
2011-08-05,13,2076231.8,,Train,,0
2011-08-12,13,1970341.38,,Train,,0
2011-08-19,13,2090340.98,,Train,,0
2011-08-26,13,2035244.54,,Train,,0
2011-09-02,13,1953628.82,,Train,,0
2011-09-09,13,1872921.31,,Train,,1
2011-09-16,13,1923223.82,,Train,,0
2011-09-23,13,1847430.96,,Train,,0
2011-09-30,13,1835662.69,,Train,,0
2011-10-07,13,2067232.56,,Train,,0
2011-10-14,13,1929659.07,,Train,,0
2011-10-21,13,1973544.27,,Train,,0
2011-10-28,13,1948733.81,,Train,,0
2011-11-04,13,2036317.54,,Train,,0
2011-11-11,13,2111592.09,,Train,,0
2011-11-18,13,2016323.51,,Train,,0
2011-11-25,13,2864170.61,,Train,,1
2011-12-02,13,2051315.66,,Train,,0
2011-12-09,13,2462779.06,,Train,,0
2011-12-16,13,2760346.71,,Train,,0
2011-12-23,13,3556766.03,,Train,,0
2011-12-30,13,1969056.91,,Train,,1
2012-01-06,13,1865752.78,,Train,,0
2012-01-13,13,1794962.64,,Train,,0
2012-01-20,13,1811606.21,,Train,,0
2012-01-27,13,1733983.09,,Train,,0
2012-02-03,13,1927780.74,,Train,,0
2012-02-10,13,2069284.57,,Train,,1
2012-02-17,13,2214477.06,,Train,,0
2012-02-24,13,1929768.03,,Train,,0
2012-03-02,13,1969742.76,,Train,,0
2012-03-09,13,1986445.65,,Train,,0
2012-03-16,13,2025582.62,,Train,,0
2012-03-23,13,1904421.74,,Train,,0
2012-03-30,13,1948982.7,,Train,,0
2012-04-06,13,2271614.76,,Train,,0
2012-04-13,13,2057637.86,,Train,,0
2012-04-20,13,1955689.12,,Train,,0
2012-04-27,13,1970121.65,,Train,,0
2012-05-04,13,1995994.51,,Train,,0
2012-05-11,13,2080764.17,,Train,,0
2012-05-18,13,2131900.55,,Train,,0
2012-05-25,13,2043349.41,,Train,,0
2012-06-01,13,2035431.39,,Train,,0
2012-06-08,13,2182437.9,,Train,,0
2012-06-15,13,2152229.11,,Train,,0
2012-06-22,13,2094373.0,,Train,,0
2012-06-29,13,2037663.71,,Train,,0
2012-07-06,13,2184980.35,,Train,,0
2012-07-13,13,2002750.99,,Train,,0
2012-07-20,13,2053089.32,,Train,,0
2012-07-27,13,1914430.53,,Train,,0
2012-08-03,13,2044148.23,,Train,,0
2012-08-10,13,2041019.92,,Train,,0
2012-08-17,13,2095769.18,,Train,,0
2012-08-24,13,2059458.25,,Train,,0
2012-08-31,13,2073855.42,,Train,,0
2012-09-07,13,2165796.31,,Train,,1
2012-09-14,13,1919917.03,,Train,,0
2012-09-21,13,1938379.66,,Train,,0
2012-09-28,13,1927664.11,,Train,,0
2012-10-05,13,2041918.74,,Train,,0
2012-10-12,13,1999079.44,,Train,,0
2012-10-19,13,2018010.15,,Train,,0
2012-10-26,13,2035189.66,,Train,,0
2010-02-26,14,2095591.63,,Train,,0
2010-03-05,14,2237544.75,,Train,,0
2010-03-12,14,2156035.06,,Train,,0
2010-03-19,14,2066219.3,,Train,,0
2010-03-26,14,2050396.27,,Train,,0
2010-04-02,14,2495630.51,,Train,,0
2010-04-09,14,2258781.28,,Train,,0
2010-04-16,14,2121788.61,,Train,,0
2010-04-23,14,2138144.91,,Train,,0
2010-04-30,14,2082355.12,,Train,,0
2010-05-07,14,2370116.52,,Train,,0
2010-05-14,14,2129771.13,,Train,,0
2010-05-21,14,2108187.1,,Train,,0
2010-05-28,14,2227152.16,,Train,,0
2010-06-04,14,2363601.47,,Train,,0
2010-06-11,14,2249570.04,,Train,,0
2010-06-18,14,2248645.59,,Train,,0
2010-06-25,14,2246179.91,,Train,,0
2010-07-02,14,2334788.42,,Train,,0
2010-07-09,14,2236209.13,,Train,,0
2010-07-16,14,2130287.27,,Train,,0
2010-07-23,14,2044155.39,,Train,,0
2010-07-30,14,2054843.28,,Train,,0
2010-08-06,14,2219813.5,,Train,,0
2010-08-13,14,2052984.81,,Train,,0
2010-08-20,14,2057138.31,,Train,,0
2010-08-27,14,2020332.07,,Train,,0
2010-09-03,14,2182563.66,,Train,,0
2010-09-10,14,2191767.76,,Train,,1
2010-09-17,14,1953539.85,,Train,,0
2010-09-24,14,1879891.13,,Train,,0
2010-10-01,14,1855703.66,,Train,,0
2010-10-08,14,2091663.2,,Train,,0
2010-10-15,14,1932162.63,,Train,,0
2010-10-22,14,1936621.09,,Train,,0
2010-10-29,14,1984768.34,,Train,,0
2010-11-05,14,2078417.47,,Train,,0
2010-11-12,14,2092189.06,,Train,,0
2010-11-19,14,1968462.58,,Train,,0
2010-11-26,14,2921709.71,,Train,,1
2010-12-03,14,2258489.63,,Train,,0
2010-12-10,14,2600519.26,,Train,,0
2010-12-17,14,2762861.41,,Train,,0
2010-12-24,14,3818686.45,,Train,,0
2010-12-31,14,1623716.46,,Train,,1
2011-01-07,14,1864746.1,,Train,,0
2011-01-14,14,1699095.9,,Train,,0
2011-01-21,14,1743188.87,,Train,,0
2011-01-28,14,1613718.38,,Train,,0
2011-02-04,14,1995891.87,,Train,,0
2011-02-11,14,1980405.03,,Train,,1
2011-02-18,14,2019031.67,,Train,,0
2011-02-25,14,1875708.88,,Train,,0
2011-03-04,14,2041215.61,,Train,,0
2011-03-11,14,1931104.67,,Train,,0
2011-03-18,14,1932491.42,,Train,,0
2011-03-25,14,1879451.23,,Train,,0
2011-04-01,14,1869110.55,,Train,,0
2011-04-08,14,2037798.88,,Train,,0
2011-04-15,14,1974960.86,,Train,,0
2011-04-22,14,2256461.39,,Train,,0
2011-04-29,14,1930617.64,,Train,,0
2011-05-06,14,2095599.93,,Train,,0
2011-05-13,14,2004330.3,,Train,,0
2011-05-20,14,1959967.8,,Train,,0
2011-05-27,14,2080694.24,,Train,,0
2011-06-03,14,2079899.47,,Train,,0
2011-06-10,14,2132446.0,,Train,,0
2011-06-17,14,2082083.34,,Train,,0
2011-06-24,14,2069523.52,,Train,,0
2011-07-01,14,2074668.19,,Train,,0
2011-07-08,14,2063401.06,,Train,,0
2011-07-15,14,1953544.76,,Train,,0
2011-07-22,14,1882070.88,,Train,,0
2011-07-29,14,1871021.01,,Train,,0
2011-08-05,14,2066020.69,,Train,,0
2011-08-12,14,1928773.82,,Train,,0
2011-08-19,14,1896873.99,,Train,,0
2011-08-26,14,2273470.62,,Train,,0
2011-09-02,14,1750891.47,,Train,,0
2011-09-09,14,2202742.9,,Train,,1
2011-09-16,14,1864637.89,,Train,,0
2011-09-23,14,1871555.64,,Train,,0
2011-09-30,14,1809989.29,,Train,,0
2011-10-07,14,2078796.76,,Train,,0
2011-10-14,14,1890870.75,,Train,,0
2011-10-21,14,2009004.59,,Train,,0
2011-10-28,14,2056846.12,,Train,,0
2011-11-04,14,2174056.71,,Train,,0
2011-11-11,14,2081534.65,,Train,,0
2011-11-18,14,1969360.72,,Train,,0
2011-11-25,14,2685351.81,,Train,,1
2011-12-02,14,2143080.57,,Train,,0
2011-12-09,14,2470581.29,,Train,,0
2011-12-16,14,2594363.09,,Train,,0
2011-12-23,14,3369068.99,,Train,,0
2011-12-30,14,1914148.89,,Train,,1
2012-01-06,14,1859144.96,,Train,,0
2012-01-13,14,1696248.27,,Train,,0
2012-01-20,14,1789113.32,,Train,,0
2012-01-27,14,1595362.27,,Train,,0
2012-02-03,14,1877410.36,,Train,,0
2012-02-10,14,2077256.24,,Train,,1
2012-02-17,14,2020550.99,,Train,,0
2012-02-24,14,1875040.16,,Train,,0
2012-03-02,14,1926004.99,,Train,,0
2012-03-09,14,2020839.31,,Train,,0
2012-03-16,14,1941040.5,,Train,,0
2012-03-23,14,1893447.71,,Train,,0
2012-03-30,14,1905033.01,,Train,,0
2012-04-06,14,2376022.26,,Train,,0
2012-04-13,14,1912909.69,,Train,,0
2012-04-20,14,1875686.44,,Train,,0
2012-04-27,14,1784029.95,,Train,,0
2012-05-04,14,1949354.29,,Train,,0
2012-05-11,14,1987531.05,,Train,,0
2012-05-18,14,1932233.17,,Train,,0
2012-05-25,14,2030869.61,,Train,,0
2012-06-01,14,2049485.49,,Train,,0
2012-06-08,14,2099615.88,,Train,,0
2012-06-15,14,1905733.68,,Train,,0
2012-06-22,14,1660228.88,,Train,,0
2012-06-29,14,1591835.02,,Train,,0
2012-07-06,14,1862128.95,,Train,,0
2012-07-13,14,1544422.35,,Train,,0
2012-07-20,14,1553250.16,,Train,,0
2012-07-27,14,1479514.66,,Train,,0
2012-08-03,14,1656886.46,,Train,,0
2012-08-10,14,1648570.03,,Train,,0
2012-08-17,14,1660433.3,,Train,,0
2012-08-24,14,1621841.33,,Train,,0
2012-08-31,14,1613342.19,,Train,,0
2012-09-07,14,1904512.34,,Train,,1
2012-09-14,14,1554794.22,,Train,,0
2012-09-21,14,1565352.46,,Train,,0
2012-09-28,14,1522512.2,,Train,,0
2012-10-05,14,1687592.16,,Train,,0
2012-10-12,14,1639585.61,,Train,,0
2012-10-19,14,1590274.72,,Train,,0
2012-10-26,14,1704357.62,,Train,,0
2010-02-26,15,564883.2,,Train,,0
2010-03-05,15,605325.43,,Train,,0
2010-03-12,15,604173.59,,Train,,0
2010-03-19,15,593710.67,,Train,,0
2010-03-26,15,592111.49,,Train,,0
2010-04-02,15,718470.71,,Train,,0
2010-04-09,15,634605.77,,Train,,0
2010-04-16,15,641208.65,,Train,,0
2010-04-23,15,643097.6,,Train,,0
2010-04-30,15,570791.11,,Train,,0
2010-05-07,15,661348.88,,Train,,0
2010-05-14,15,594385.2,,Train,,0
2010-05-21,15,616598.1,,Train,,0
2010-05-28,15,744772.88,,Train,,0
2010-06-04,15,693192.5,,Train,,0
2010-06-11,15,619337.29,,Train,,0
2010-06-18,15,652329.53,,Train,,0
2010-06-25,15,672194.03,,Train,,0
2010-07-02,15,709337.11,,Train,,0
2010-07-09,15,691497.62,,Train,,0
2010-07-16,15,633203.69,,Train,,0
2010-07-23,15,598553.43,,Train,,0
2010-07-30,15,619224.06,,Train,,0
2010-08-06,15,639651.24,,Train,,0
2010-08-13,15,622437.08,,Train,,0
2010-08-20,15,637090.44,,Train,,0
2010-08-27,15,649791.15,,Train,,0
2010-09-03,15,638647.21,,Train,,0
2010-09-10,15,641965.2,,Train,,1
2010-09-17,15,583210.87,,Train,,0
2010-09-24,15,548542.47,,Train,,0
2010-10-01,15,566945.95,,Train,,0
2010-10-08,15,591603.79,,Train,,0
2010-10-15,15,577011.26,,Train,,0
2010-10-22,15,600395.73,,Train,,0
2010-10-29,15,598301.5,,Train,,0
2010-11-05,15,612987.64,,Train,,0
2010-11-12,15,619639.74,,Train,,0
2010-11-19,15,608200.81,,Train,,0
2010-11-26,15,1120018.92,,Train,,1
2010-12-03,15,754134.95,,Train,,0
2010-12-10,15,847294.04,,Train,,0
2010-12-17,15,983825.15,,Train,,0
2010-12-24,15,1368318.17,,Train,,0
2010-12-31,15,543754.17,,Train,,1
2011-01-07,15,509640.77,,Train,,0
2011-01-14,15,479424.2,,Train,,0
2011-01-21,15,487311.03,,Train,,0
2011-01-28,15,481119.6,,Train,,0
2011-02-04,15,556550.85,,Train,,0
2011-02-11,15,582864.35,,Train,,1
2011-02-18,15,649993.5,,Train,,0
2011-02-25,15,547564.09,,Train,,0
2011-03-04,15,573374.49,,Train,,0
2011-03-11,15,537035.28,,Train,,0
2011-03-18,15,551553.99,,Train,,0
2011-03-25,15,527389.28,,Train,,0
2011-04-01,15,542556.05,,Train,,0
2011-04-08,15,587370.81,,Train,,0
2011-04-15,15,607691.36,,Train,,0
2011-04-22,15,655318.26,,Train,,0
2011-04-29,15,560764.41,,Train,,0
2011-05-06,15,630522.67,,Train,,0
2011-05-13,15,630482.91,,Train,,0
2011-05-20,15,593941.9,,Train,,0
2011-05-27,15,636193.24,,Train,,0
2011-06-03,15,695396.19,,Train,,0
2011-06-10,15,642679.81,,Train,,0
2011-06-17,15,639928.85,,Train,,0
2011-06-24,15,656594.95,,Train,,0
2011-07-01,15,674669.16,,Train,,0
2011-07-08,15,635118.48,,Train,,0
2011-07-15,15,624114.56,,Train,,0
2011-07-22,15,607475.44,,Train,,0
2011-07-29,15,577511.02,,Train,,0
2011-08-05,15,607961.21,,Train,,0
2011-08-12,15,590836.37,,Train,,0
2011-08-19,15,599488.98,,Train,,0
2011-08-26,15,605413.17,,Train,,0
2011-09-02,15,649159.68,,Train,,0
2011-09-09,15,607593.51,,Train,,1
2011-09-16,15,545052.34,,Train,,0
2011-09-23,15,545570.86,,Train,,0
2011-09-30,15,521297.31,,Train,,0
2011-10-07,15,579068.88,,Train,,0
2011-10-14,15,537300.94,,Train,,0
2011-10-21,15,603318.89,,Train,,0
2011-10-28,15,589842.69,,Train,,0
2011-11-04,15,615121.78,,Train,,0
2011-11-11,15,618949.82,,Train,,0
2011-11-18,15,597856.51,,Train,,0
2011-11-25,15,1066478.1,,Train,,1
2011-12-02,15,699028.66,,Train,,0
2011-12-09,15,764565.55,,Train,,0
2011-12-16,15,870415.49,,Train,,0
2011-12-23,15,1182691.87,,Train,,0
2011-12-30,15,603460.79,,Train,,1
2012-01-06,15,516087.65,,Train,,0
2012-01-13,15,454183.42,,Train,,0
2012-01-20,15,492721.85,,Train,,0
2012-01-27,15,466045.63,,Train,,0
2012-02-03,15,523831.64,,Train,,0
2012-02-10,15,628218.22,,Train,,1
2012-02-17,15,598502.83,,Train,,0
2012-02-24,15,561137.06,,Train,,0
2012-03-02,15,541292.64,,Train,,0
2012-03-09,15,545120.67,,Train,,0
2012-03-16,15,570611.23,,Train,,0
2012-03-23,15,565481.88,,Train,,0
2012-03-30,15,557547.25,,Train,,0
2012-04-06,15,659950.36,,Train,,0
2012-04-13,15,558585.13,,Train,,0
2012-04-20,15,534780.57,,Train,,0
2012-04-27,15,527402.62,,Train,,0
2012-05-04,15,577868.38,,Train,,0
2012-05-11,15,579539.95,,Train,,0
2012-05-18,15,600050.98,,Train,,0
2012-05-25,15,693780.42,,Train,,0
2012-06-01,15,663971.26,,Train,,0
2012-06-08,15,611390.67,,Train,,0
2012-06-15,15,636737.65,,Train,,0
2012-06-22,15,687085.6,,Train,,0
2012-06-29,15,624099.48,,Train,,0
2012-07-06,15,678024.75,,Train,,0
2012-07-13,15,591335.5,,Train,,0
2012-07-20,15,592369.22,,Train,,0
2012-07-27,15,571190.83,,Train,,0
2012-08-03,15,590739.62,,Train,,0
2012-08-10,15,590453.63,,Train,,0
2012-08-17,15,579738.2,,Train,,0
2012-08-24,15,606210.77,,Train,,0
2012-08-31,15,610185.32,,Train,,0
2012-09-07,15,587259.82,,Train,,1
2012-09-14,15,527509.76,,Train,,0
2012-09-21,15,533161.64,,Train,,0
2012-09-28,15,553901.97,,Train,,0
2012-10-05,15,573498.64,,Train,,0
2012-10-12,15,551799.63,,Train,,0
2012-10-19,15,555652.77,,Train,,0
2012-10-26,15,558473.6,,Train,,0
2010-02-26,16,443242.17,,Train,,0
2010-03-05,16,444181.85,,Train,,0
2010-03-12,16,445393.74,,Train,,0
2010-03-19,16,504307.35,,Train,,0
2010-03-26,16,483177.2,,Train,,0
2010-04-02,16,490503.69,,Train,,0
2010-04-09,16,424083.99,,Train,,0
2010-04-16,16,436312.41,,Train,,0
2010-04-23,16,370230.94,,Train,,0
2010-04-30,16,383550.93,,Train,,0
2010-05-07,16,403217.22,,Train,,0
2010-05-14,16,401770.9,,Train,,0
2010-05-21,16,435300.51,,Train,,0
2010-05-28,16,479430.0,,Train,,0
2010-06-04,16,516295.81,,Train,,0
2010-06-11,16,535587.31,,Train,,0
2010-06-18,16,540149.85,,Train,,0
2010-06-25,16,546554.96,,Train,,0
2010-07-02,16,610641.42,,Train,,0
2010-07-09,16,614253.33,,Train,,0
2010-07-16,16,586583.69,,Train,,0
2010-07-23,16,588344.18,,Train,,0
2010-07-30,16,562633.67,,Train,,0
2010-08-06,16,586936.45,,Train,,0
2010-08-13,16,543757.97,,Train,,0
2010-08-20,16,521516.96,,Train,,0
2010-08-27,16,581010.52,,Train,,0
2010-09-03,16,542087.89,,Train,,0
2010-09-10,16,537518.57,,Train,,1
2010-09-17,16,522049.52,,Train,,0
2010-09-24,16,511330.32,,Train,,0
2010-10-01,16,463977.54,,Train,,0
2010-10-08,16,442894.2,,Train,,0
2010-10-15,16,452169.28,,Train,,0
2010-10-22,16,541216.92,,Train,,0
2010-10-29,16,495022.51,,Train,,0
2010-11-05,16,446905.02,,Train,,0
2010-11-12,16,453632.76,,Train,,0
2010-11-19,16,458634.68,,Train,,0
2010-11-26,16,651837.77,,Train,,1
2010-12-03,16,512260.59,,Train,,0
2010-12-10,16,570103.64,,Train,,0
2010-12-17,16,648652.01,,Train,,0
2010-12-24,16,1004730.69,,Train,,0
2010-12-31,16,575317.38,,Train,,1
2011-01-07,16,573545.96,,Train,,0
2011-01-14,16,470365.59,,Train,,0
2011-01-21,16,462888.13,,Train,,0
2011-01-28,16,448391.99,,Train,,0
2011-02-04,16,479263.15,,Train,,0
2011-02-11,16,466806.89,,Train,,1
2011-02-18,16,491179.79,,Train,,0
2011-02-25,16,475201.64,,Train,,0
2011-03-04,16,484829.07,,Train,,0
2011-03-11,16,457504.35,,Train,,0
2011-03-18,16,497373.49,,Train,,0
2011-03-25,16,465279.68,,Train,,0
2011-04-01,16,459756.11,,Train,,0
2011-04-08,16,439276.5,,Train,,0
2011-04-15,16,427855.24,,Train,,0
2011-04-22,16,368600.0,,Train,,0
2011-04-29,16,378100.31,,Train,,0
2011-05-06,16,423805.22,,Train,,0
2011-05-13,16,410406.95,,Train,,0
2011-05-20,16,435397.19,,Train,,0
2011-05-27,16,444718.68,,Train,,0
2011-06-03,16,531080.31,,Train,,0
2011-06-10,16,600952.06,,Train,,0
2011-06-17,16,581546.23,,Train,,0
2011-06-24,16,569105.03,,Train,,0
2011-07-01,16,608737.56,,Train,,0
2011-07-08,16,634634.66,,Train,,0
2011-07-15,16,586841.77,,Train,,0
2011-07-22,16,581758.22,,Train,,0
2011-07-29,16,582381.95,,Train,,0
2011-08-05,16,592981.33,,Train,,0
2011-08-12,16,563884.47,,Train,,0
2011-08-19,16,554630.42,,Train,,0
2011-08-26,16,557312.01,,Train,,0
2011-09-02,16,580805.33,,Train,,0
2011-09-09,16,574622.56,,Train,,1
2011-09-16,16,539081.09,,Train,,0
2011-09-23,16,504856.97,,Train,,0
2011-09-30,16,450075.31,,Train,,0
2011-10-07,16,482926.93,,Train,,0
2011-10-14,16,498241.06,,Train,,0
2011-10-21,16,560104.16,,Train,,0
2011-10-28,16,505918.21,,Train,,0
2011-11-04,16,511059.95,,Train,,0
2011-11-11,16,513181.31,,Train,,0
2011-11-18,16,480353.64,,Train,,0
2011-11-25,16,712422.4,,Train,,1
2011-12-02,16,530492.84,,Train,,0
2011-12-09,16,574798.86,,Train,,0
2011-12-16,16,679481.9,,Train,,0
2011-12-23,16,950691.96,,Train,,0
2011-12-30,16,665861.06,,Train,,1
2012-01-06,16,564538.07,,Train,,0
2012-01-13,16,508520.09,,Train,,0
2012-01-20,16,474389.75,,Train,,0
2012-01-27,16,453979.19,,Train,,0
2012-02-03,16,475905.1,,Train,,0
2012-02-10,16,473766.97,,Train,,1
2012-02-17,16,494069.49,,Train,,0
2012-02-24,16,495720.3,,Train,,0
2012-03-02,16,464189.09,,Train,,0
2012-03-09,16,495951.66,,Train,,0
2012-03-16,16,520850.71,,Train,,0
2012-03-23,16,493503.89,,Train,,0
2012-03-30,16,485095.41,,Train,,0
2012-04-06,16,502662.07,,Train,,0
2012-04-13,16,450756.71,,Train,,0
2012-04-20,16,436221.26,,Train,,0
2012-04-27,16,398445.15,,Train,,0
2012-05-04,16,426959.62,,Train,,0
2012-05-11,16,479855.0,,Train,,0
2012-05-18,16,493506.47,,Train,,0
2012-05-25,16,518045.09,,Train,,0
2012-06-01,16,532311.93,,Train,,0
2012-06-08,16,603618.89,,Train,,0
2012-06-15,16,570045.79,,Train,,0
2012-06-22,16,581745.72,,Train,,0
2012-06-29,16,570162.28,,Train,,0
2012-07-06,16,641763.53,,Train,,0
2012-07-13,16,569005.06,,Train,,0
2012-07-20,16,565297.54,,Train,,0
2012-07-27,16,539337.87,,Train,,0
2012-08-03,16,584000.71,,Train,,0
2012-08-10,16,554036.84,,Train,,0
2012-08-17,16,521896.6,,Train,,0
2012-08-24,16,551152.15,,Train,,0
2012-08-31,16,551837.31,,Train,,0
2012-09-07,16,537138.58,,Train,,1
2012-09-14,16,526525.16,,Train,,0
2012-09-21,16,509942.56,,Train,,0
2012-09-28,16,469607.73,,Train,,0
2012-10-05,16,471281.68,,Train,,0
2012-10-12,16,491817.19,,Train,,0
2012-10-19,16,577198.97,,Train,,0
2012-10-26,16,475770.14,,Train,,0
2010-02-26,17,749549.55,,Train,,0
2010-03-05,17,783300.05,,Train,,0
2010-03-12,17,763961.82,,Train,,0
2010-03-19,17,752034.52,,Train,,0
2010-03-26,17,793097.64,,Train,,0
2010-04-02,17,848521.17,,Train,,0
2010-04-09,17,770228.02,,Train,,0
2010-04-16,17,757738.76,,Train,,0
2010-04-23,17,977790.83,,Train,,0
2010-04-30,17,807798.73,,Train,,0
2010-05-07,17,843848.65,,Train,,0
2010-05-14,17,813756.09,,Train,,0
2010-05-21,17,826626.5,,Train,,0
2010-05-28,17,872817.62,,Train,,0
2010-06-04,17,876902.87,,Train,,0
2010-06-11,17,845252.21,,Train,,0
2010-06-18,17,877996.27,,Train,,0
2010-06-25,17,893995.44,,Train,,0
2010-07-02,17,958875.37,,Train,,0
2010-07-09,17,836915.92,,Train,,0
2010-07-16,17,876591.41,,Train,,0
2010-07-23,17,893504.87,,Train,,0
2010-07-30,17,833517.19,,Train,,0
2010-08-06,17,795301.17,,Train,,0
2010-08-13,17,759995.18,,Train,,0
2010-08-20,17,783929.7,,Train,,0
2010-08-27,17,802583.89,,Train,,0
2010-09-03,17,834373.73,,Train,,0
2010-09-10,17,1200888.28,,Train,,1
2010-09-17,17,871264.25,,Train,,0
2010-09-24,17,852876.29,,Train,,0
2010-10-01,17,829207.27,,Train,,0
2010-10-08,17,827738.06,,Train,,0
2010-10-15,17,838297.32,,Train,,0
2010-10-22,17,815093.76,,Train,,0
2010-10-29,17,861941.25,,Train,,0
2010-11-05,17,818434.49,,Train,,0
2010-11-12,17,855459.96,,Train,,0
2010-11-19,17,782252.57,,Train,,0
2010-11-26,17,1005448.76,,Train,,1
2010-12-03,17,926573.81,,Train,,0
2010-12-10,17,962475.55,,Train,,0
2010-12-17,17,1049372.38,,Train,,0
2010-12-24,17,1309226.79,,Train,,0
2010-12-31,17,635862.55,,Train,,1
2011-01-07,17,1083071.14,,Train,,0
2011-01-14,17,758510.36,,Train,,0
2011-01-21,17,755804.37,,Train,,0
2011-01-28,17,736335.69,,Train,,0
2011-02-04,17,816603.05,,Train,,0
2011-02-11,17,813211.46,,Train,,1
2011-02-18,17,860962.91,,Train,,0
2011-02-25,17,767256.53,,Train,,0
2011-03-04,17,816138.33,,Train,,0
2011-03-11,17,779602.36,,Train,,0
2011-03-18,17,778436.81,,Train,,0
2011-03-25,17,781267.76,,Train,,0
2011-04-01,17,795859.23,,Train,,0
2011-04-08,17,811855.72,,Train,,0
2011-04-15,17,825283.43,,Train,,0
2011-04-22,17,1060770.11,,Train,,0
2011-04-29,17,806979.15,,Train,,0
2011-05-06,17,882132.28,,Train,,0
2011-05-13,17,870625.49,,Train,,0
2011-05-20,17,844443.35,,Train,,0
2011-05-27,17,892056.64,,Train,,0
2011-06-03,17,895020.48,,Train,,0
2011-06-10,17,881190.46,,Train,,0
2011-06-17,17,894686.67,,Train,,0
2011-06-24,17,920719.98,,Train,,0
2011-07-01,17,940554.34,,Train,,0
2011-07-08,17,915064.22,,Train,,0
2011-07-15,17,902727.76,,Train,,0
2011-07-22,17,899044.34,,Train,,0
2011-07-29,17,861894.77,,Train,,0
2011-08-05,17,866184.92,,Train,,0
2011-08-12,17,800819.79,,Train,,0
2011-08-19,17,797523.04,,Train,,0
2011-08-26,17,837390.79,,Train,,0
2011-09-02,17,847380.07,,Train,,0
2011-09-09,17,1161900.18,,Train,,1
2011-09-16,17,1051116.95,,Train,,0
2011-09-23,17,895535.31,,Train,,0
2011-09-30,17,868191.05,,Train,,0
2011-10-07,17,918006.9,,Train,,0
2011-10-14,17,884042.63,,Train,,0
2011-10-21,17,877380.22,,Train,,0
2011-10-28,17,936508.43,,Train,,0
2011-11-04,17,927657.63,,Train,,0
2011-11-11,17,914759.2,,Train,,0
2011-11-18,17,877724.31,,Train,,0
2011-11-25,17,1225700.28,,Train,,1
2011-12-02,17,945267.68,,Train,,0
2011-12-09,17,976522.93,,Train,,0
2011-12-16,17,1067754.06,,Train,,0
2011-12-23,17,1289156.9,,Train,,0
2011-12-30,17,777207.3,,Train,,1
2012-01-06,17,1198104.22,,Train,,0
2012-01-13,17,873576.96,,Train,,0
2012-01-20,17,809272.65,,Train,,0
2012-01-27,17,769522.33,,Train,,0
2012-02-03,17,864852.85,,Train,,0
2012-02-10,17,880165.7,,Train,,1
2012-02-17,17,927084.65,,Train,,0
2012-02-24,17,843864.43,,Train,,0
2012-03-02,17,856178.47,,Train,,0
2012-03-09,17,860224.98,,Train,,0
2012-03-16,17,853136.46,,Train,,0
2012-03-23,17,851762.28,,Train,,0
2012-03-30,17,872469.03,,Train,,0
2012-04-06,17,986922.62,,Train,,0
2012-04-13,17,877055.32,,Train,,0
2012-04-20,17,1119979.98,,Train,,0
2012-04-27,17,925916.65,,Train,,0
2012-05-04,17,930121.14,,Train,,0
2012-05-11,17,944100.3,,Train,,0
2012-05-18,17,968816.33,,Train,,0
2012-05-25,17,984881.59,,Train,,0
2012-06-01,17,938914.28,,Train,,0
2012-06-08,17,987990.24,,Train,,0
2012-06-15,17,964169.67,,Train,,0
2012-06-22,17,981210.57,,Train,,0
2012-06-29,17,982322.24,,Train,,0
2012-07-06,17,1046782.52,,Train,,0
2012-07-13,17,960746.04,,Train,,0
2012-07-20,17,944698.7,,Train,,0
2012-07-27,17,907493.24,,Train,,0
2012-08-03,17,877813.33,,Train,,0
2012-08-10,17,849074.04,,Train,,0
2012-08-17,17,844928.17,,Train,,0
2012-08-24,17,924299.78,,Train,,0
2012-08-31,17,865924.2,,Train,,0
2012-09-07,17,1255633.29,,Train,,1
2012-09-14,17,1071040.22,,Train,,0
2012-09-21,17,938303.28,,Train,,0
2012-09-28,17,972716.24,,Train,,0
2012-10-05,17,952609.17,,Train,,0
2012-10-12,17,919878.34,,Train,,0
2012-10-19,17,957356.84,,Train,,0
2012-10-26,17,943465.29,,Train,,0
2010-02-26,18,1068157.45,,Train,,0
2010-03-05,18,1179738.5,,Train,,0
2010-03-12,18,1138800.32,,Train,,0
2010-03-19,18,1087507.47,,Train,,0
2010-03-26,18,1092704.09,,Train,,0
2010-04-02,18,1254107.84,,Train,,0
2010-04-09,18,1174447.55,,Train,,0
2010-04-16,18,1135577.62,,Train,,0
2010-04-23,18,1132433.55,,Train,,0
2010-04-30,18,1060446.16,,Train,,0
2010-05-07,18,1222255.47,,Train,,0
2010-05-14,18,1092616.49,,Train,,0
2010-05-21,18,1101621.36,,Train,,0
2010-05-28,18,1256282.79,,Train,,0
2010-06-04,18,1271311.76,,Train,,0
2010-06-11,18,1173521.82,,Train,,0
2010-06-18,18,1183225.92,,Train,,0
2010-06-25,18,1220983.17,,Train,,0
2010-07-02,18,1257928.35,,Train,,0
2010-07-09,18,1171391.41,,Train,,0
2010-07-16,18,1115514.61,,Train,,0
2010-07-23,18,1032908.23,,Train,,0
2010-07-30,18,1078557.62,,Train,,0
2010-08-06,18,1166117.85,,Train,,0
2010-08-13,18,1084722.78,,Train,,0
2010-08-20,18,1141860.67,,Train,,0
2010-08-27,18,1214302.76,,Train,,0
2010-09-03,18,1187359.77,,Train,,0
2010-09-10,18,1011201.12,,Train,,1
2010-09-17,18,997998.21,,Train,,0
2010-09-24,18,950862.92,,Train,,0
2010-10-01,18,948977.5,,Train,,0
2010-10-08,18,1107432.71,,Train,,0
2010-10-15,18,1029618.1,,Train,,0
2010-10-22,18,1052120.43,,Train,,0
2010-10-29,18,1038576.54,,Train,,0
2010-11-05,18,1089530.94,,Train,,0
2010-11-12,18,1081322.12,,Train,,0
2010-11-19,18,1045722.37,,Train,,0
2010-11-26,18,1653759.36,,Train,,1
2010-12-03,18,1211026.13,,Train,,0
2010-12-10,18,1416168.98,,Train,,0
2010-12-17,18,1588430.71,,Train,,0
2010-12-24,18,2027507.15,,Train,,0
2010-12-31,18,887907.01,,Train,,1
2011-01-07,18,933960.3,,Train,,0
2011-01-14,18,777175.28,,Train,,0
2011-01-21,18,891148.55,,Train,,0
2011-01-28,18,849540.85,,Train,,0
2011-02-04,18,1055841.24,,Train,,0
2011-02-11,18,1122053.58,,Train,,1
2011-02-18,18,1095058.57,,Train,,0
2011-02-25,18,1005983.31,,Train,,0
2011-03-04,18,1063310.62,,Train,,0
2011-03-11,18,1002714.25,,Train,,0
2011-03-18,18,945889.59,,Train,,0
2011-03-25,18,944523.3,,Train,,0
2011-04-01,18,938083.17,,Train,,0
2011-04-08,18,1018541.3,,Train,,0
2011-04-15,18,988157.72,,Train,,0
2011-04-22,18,1105860.06,,Train,,0
2011-04-29,18,974114.39,,Train,,0
2011-05-06,18,1065427.37,,Train,,0
2011-05-13,18,993172.98,,Train,,0
2011-05-20,18,994610.43,,Train,,0
2011-05-27,18,1065214.14,,Train,,0
2011-06-03,18,1178039.0,,Train,,0
2011-06-10,18,1044079.2,,Train,,0
2011-06-17,18,1045859.39,,Train,,0
2011-06-24,18,1056478.65,,Train,,0
2011-07-01,18,1087051.26,,Train,,0
2011-07-08,18,1048802.62,,Train,,0
2011-07-15,18,974916.13,,Train,,0
2011-07-22,18,991262.46,,Train,,0
2011-07-29,18,954148.64,,Train,,0
2011-08-05,18,1002806.39,,Train,,0
2011-08-12,18,928470.83,,Train,,0
2011-08-19,18,932679.79,,Train,,0
2011-08-26,18,1147906.46,,Train,,0
2011-09-02,18,540922.94,,Train,,0
2011-09-09,18,951549.61,,Train,,1
2011-09-16,18,845715.37,,Train,,0
2011-09-23,18,853073.17,,Train,,0
2011-09-30,18,847348.08,,Train,,0
2011-10-07,18,1019741.1,,Train,,0
2011-10-14,18,953533.95,,Train,,0
2011-10-21,18,1048212.62,,Train,,0
2011-10-28,18,1106642.63,,Train,,0
2011-11-04,18,1100625.06,,Train,,0
2011-11-11,18,1079931.63,,Train,,0
2011-11-18,18,1056992.18,,Train,,0
2011-11-25,18,1624170.99,,Train,,1
2011-12-02,18,1188047.61,,Train,,0
2011-12-09,18,1368471.23,,Train,,0
2011-12-16,18,1516924.23,,Train,,0
2011-12-23,18,1882393.4,,Train,,0
2011-12-30,18,1010562.49,,Train,,1
2012-01-06,18,977286.07,,Train,,0
2012-01-13,18,890130.25,,Train,,0
2012-01-20,18,937522.77,,Train,,0
2012-01-27,18,825584.22,,Train,,0
2012-02-03,18,1049772.04,,Train,,0
2012-02-10,18,1161615.51,,Train,,1
2012-02-17,18,1115985.81,,Train,,0
2012-02-24,18,1037861.11,,Train,,0
2012-03-02,18,1047178.91,,Train,,0
2012-03-09,18,1084894.47,,Train,,0
2012-03-16,18,1022018.43,,Train,,0
2012-03-23,18,1031139.3,,Train,,0
2012-03-30,18,1009121.2,,Train,,0
2012-04-06,18,1200815.3,,Train,,0
2012-04-13,18,998443.5,,Train,,0
2012-04-20,18,1025813.8,,Train,,0
2012-04-27,18,961186.23,,Train,,0
2012-05-04,18,1050027.89,,Train,,0
2012-05-11,18,1060433.1,,Train,,0
2012-05-18,18,1047444.59,,Train,,0
2012-05-25,18,1088446.58,,Train,,0
2012-06-01,18,1118313.7,,Train,,0
2012-06-08,18,1110479.94,,Train,,0
2012-06-15,18,1057425.83,,Train,,0
2012-06-22,18,1080357.89,,Train,,0
2012-06-29,18,1097006.3,,Train,,0
2012-07-06,18,1158247.31,,Train,,0
2012-07-13,18,1024784.92,,Train,,0
2012-07-20,18,1033543.56,,Train,,0
2012-07-27,18,924506.26,,Train,,0
2012-08-03,18,1052066.58,,Train,,0
2012-08-10,18,967304.07,,Train,,0
2012-08-17,18,1048134.24,,Train,,0
2012-08-24,18,1145840.91,,Train,,0
2012-08-31,18,1117097.23,,Train,,0
2012-09-07,18,1083521.24,,Train,,1
2012-09-14,18,960476.1,,Train,,0
2012-09-21,18,971386.65,,Train,,0
2012-09-28,18,1002856.2,,Train,,0
2012-10-05,18,1092204.79,,Train,,0
2012-10-12,18,1074079.0,,Train,,0
2012-10-19,18,1048706.75,,Train,,0
2012-10-26,18,1127516.25,,Train,,0
2010-02-26,19,1373270.06,,Train,,0
2010-03-05,19,1495844.57,,Train,,0
2010-03-12,19,1467889.2,,Train,,0
2010-03-19,19,1332940.35,,Train,,0
2010-03-26,19,1427023.45,,Train,,0
2010-04-02,19,1642970.27,,Train,,0
2010-04-09,19,1489613.32,,Train,,0
2010-04-16,19,1460354.67,,Train,,0
2010-04-23,19,1456793.33,,Train,,0
2010-04-30,19,1405065.57,,Train,,0
2010-05-07,19,1566219.77,,Train,,0
2010-05-14,19,1437319.45,,Train,,0
2010-05-21,19,1377716.17,,Train,,0
2010-05-28,19,1648882.62,,Train,,0
2010-06-04,19,1519013.49,,Train,,0
2010-06-11,19,1410683.94,,Train,,0
2010-06-18,19,1457314.39,,Train,,0
2010-06-25,19,1450407.32,,Train,,0
2010-07-02,19,1549018.68,,Train,,0
2010-07-09,19,1577541.24,,Train,,0
2010-07-16,19,1412157.02,,Train,,0
2010-07-23,19,1372043.71,,Train,,0
2010-07-30,19,1366395.96,,Train,,0
2010-08-06,19,1492060.89,,Train,,0
2010-08-13,19,1418027.08,,Train,,0
2010-08-20,19,1419383.19,,Train,,0
2010-08-27,19,1557888.16,,Train,,0
2010-09-03,19,1623519.64,,Train,,0
2010-09-10,19,1591453.39,,Train,,1
2010-09-17,19,1386789.31,,Train,,0
2010-09-24,19,1318343.58,,Train,,0
2010-10-01,19,1379456.3,,Train,,0
2010-10-08,19,1428960.72,,Train,,0
2010-10-15,19,1369317.63,,Train,,0
2010-10-22,19,1357154.71,,Train,,0
2010-10-29,19,1404576.48,,Train,,0
2010-11-05,19,1435379.25,,Train,,0
2010-11-12,19,1490235.86,,Train,,0
2010-11-19,19,1377593.1,,Train,,0
2010-11-26,19,1993367.83,,Train,,1
2010-12-03,19,1615987.96,,Train,,0
2010-12-10,19,1799070.98,,Train,,0
2010-12-17,19,1911967.44,,Train,,0
2010-12-24,19,2678206.42,,Train,,0
2010-12-31,19,1275146.94,,Train,,1
2011-01-07,19,1224175.99,,Train,,0
2011-01-14,19,1181204.53,,Train,,0
2011-01-21,19,1212967.84,,Train,,0
2011-01-28,19,1284185.49,,Train,,0
2011-02-04,19,1370562.11,,Train,,0
2011-02-11,19,1430851.11,,Train,,1
2011-02-18,19,1457270.16,,Train,,0
2011-02-25,19,1296658.47,,Train,,0
2011-03-04,19,1433569.44,,Train,,0
2011-03-11,19,1351450.43,,Train,,0
2011-03-18,19,1257972.37,,Train,,0
2011-03-25,19,1266564.94,,Train,,0
2011-04-01,19,1305950.22,,Train,,0
2011-04-08,19,1419911.91,,Train,,0
2011-04-15,19,1392093.04,,Train,,0
2011-04-22,19,1514288.82,,Train,,0
2011-04-29,19,1297237.7,,Train,,0
2011-05-06,19,1451953.95,,Train,,0
2011-05-13,19,1429143.06,,Train,,0
2011-05-20,19,1355234.3,,Train,,0
2011-05-27,19,1388553.11,,Train,,0
2011-06-03,19,1457345.75,,Train,,0
2011-06-10,19,1467473.63,,Train,,0
2011-06-17,19,1418973.62,,Train,,0
2011-06-24,19,1440785.7,,Train,,0
2011-07-01,19,1462731.93,,Train,,0
2011-07-08,19,1465489.75,,Train,,0
2011-07-15,19,1391580.41,,Train,,0
2011-07-22,19,1377119.45,,Train,,0
2011-07-29,19,1298775.8,,Train,,0
2011-08-05,19,1408968.55,,Train,,0
2011-08-12,19,1360969.45,,Train,,0
2011-08-19,19,1391792.69,,Train,,0
2011-08-26,19,1547729.24,,Train,,0
2011-09-02,19,1609951.02,,Train,,0
2011-09-09,19,1566712.79,,Train,,1
2011-09-16,19,1365633.53,,Train,,0
2011-09-23,19,1300375.76,,Train,,0
2011-09-30,19,1330757.22,,Train,,0
2011-10-07,19,1461718.87,,Train,,0
2011-10-14,19,1318905.53,,Train,,0
2011-10-21,19,1374863.1,,Train,,0
2011-10-28,19,1396612.36,,Train,,0
2011-11-04,19,1480289.64,,Train,,0
2011-11-11,19,1502078.93,,Train,,0
2011-11-18,19,1411835.57,,Train,,0
2011-11-25,19,1974646.78,,Train,,1
2011-12-02,19,1484708.38,,Train,,0
2011-12-09,19,1713769.06,,Train,,0
2011-12-16,19,1852179.15,,Train,,0
2011-12-23,19,2480159.47,,Train,,0
2011-12-30,19,1405168.06,,Train,,1
2012-01-06,19,1266570.4,,Train,,0
2012-01-13,19,1182198.7,,Train,,0
2012-01-20,19,1237104.73,,Train,,0
2012-01-27,19,1279623.26,,Train,,0
2012-02-03,19,1345311.65,,Train,,0
2012-02-10,19,1499496.67,,Train,,1
2012-02-17,19,1424720.27,,Train,,0
2012-02-24,19,1352470.09,,Train,,0
2012-03-02,19,1308977.05,,Train,,0
2012-03-09,19,1358816.46,,Train,,0
2012-03-16,19,1312849.1,,Train,,0
2012-03-23,19,1342254.55,,Train,,0
2012-03-30,19,1327139.35,,Train,,0
2012-04-06,19,1631737.68,,Train,,0
2012-04-13,19,1365098.46,,Train,,0
2012-04-20,19,1255087.26,,Train,,0
2012-04-27,19,1285897.24,,Train,,0
2012-05-04,19,1405007.44,,Train,,0
2012-05-11,19,1442873.22,,Train,,0
2012-05-18,19,1366937.1,,Train,,0
2012-05-25,19,1485540.28,,Train,,0
2012-06-01,19,1450733.29,,Train,,0
2012-06-08,19,1390122.11,,Train,,0
2012-06-15,19,1440263.15,,Train,,0
2012-06-22,19,1468350.36,,Train,,0
2012-06-29,19,1379652.65,,Train,,0
2012-07-06,19,1557120.44,,Train,,0
2012-07-13,19,1321741.35,,Train,,0
2012-07-20,19,1317672.92,,Train,,0
2012-07-27,19,1248915.43,,Train,,0
2012-08-03,19,1342123.78,,Train,,0
2012-08-10,19,1408907.89,,Train,,0
2012-08-17,19,1375101.26,,Train,,0
2012-08-24,19,1544653.37,,Train,,0
2012-08-31,19,1542719.87,,Train,,0
2012-09-07,19,1497073.82,,Train,,1
2012-09-14,19,1370653.41,,Train,,0
2012-09-21,19,1338572.29,,Train,,0
2012-09-28,19,1338299.02,,Train,,0
2012-10-05,19,1408016.1,,Train,,0
2012-10-12,19,1352809.5,,Train,,0
2012-10-19,19,1321102.35,,Train,,0
2012-10-26,19,1322117.96,,Train,,0
2010-02-26,20,1898193.95,,Train,,0
2010-03-05,20,2119213.72,,Train,,0
2010-03-12,20,2010974.84,,Train,,0
2010-03-19,20,1951848.43,,Train,,0
2010-03-26,20,1894742.95,,Train,,0
2010-04-02,20,2405395.22,,Train,,0
2010-04-09,20,2007796.26,,Train,,0
2010-04-16,20,1985784.59,,Train,,0
2010-04-23,20,1878862.42,,Train,,0
2010-04-30,20,1919053.21,,Train,,0
2010-05-07,20,2137202.38,,Train,,0
2010-05-14,20,2033211.62,,Train,,0
2010-05-21,20,1893736.9,,Train,,0
2010-05-28,20,2065984.95,,Train,,0
2010-06-04,20,2203619.35,,Train,,0
2010-06-11,20,2100489.79,,Train,,0
2010-06-18,20,2091903.63,,Train,,0
2010-06-25,20,1973135.87,,Train,,0
2010-07-02,20,2143676.77,,Train,,0
2010-07-09,20,2107285.85,,Train,,0
2010-07-16,20,2031852.16,,Train,,0
2010-07-23,20,1900535.9,,Train,,0
2010-07-30,20,1955896.59,,Train,,0
2010-08-06,20,1910177.38,,Train,,0
2010-08-13,20,2071022.45,,Train,,0
2010-08-20,20,1975374.56,,Train,,0
2010-08-27,20,1946369.57,,Train,,0
2010-09-03,20,2121561.41,,Train,,0
2010-09-10,20,2014954.79,,Train,,1
2010-09-17,20,1948359.78,,Train,,0
2010-09-24,20,1789687.65,,Train,,0
2010-10-01,20,1933719.21,,Train,,0
2010-10-08,20,2060389.27,,Train,,0
2010-10-15,20,1950676.39,,Train,,0
2010-10-22,20,1893955.27,,Train,,0
2010-10-29,20,1891816.0,,Train,,0
2010-11-05,20,2184316.64,,Train,,0
2010-11-12,20,2187765.28,,Train,,0
2010-11-19,20,2105058.91,,Train,,0
2010-11-26,20,2811634.04,,Train,,1
2010-12-03,20,2416051.17,,Train,,0
2010-12-10,20,2752122.08,,Train,,0
2010-12-17,20,2819193.17,,Train,,0
2010-12-24,20,3766687.43,,Train,,0
2010-12-31,20,1799737.79,,Train,,1
2011-01-07,20,1843030.95,,Train,,0
2011-01-14,20,1884345.01,,Train,,0
2011-01-21,20,1781805.66,,Train,,0
2011-01-28,20,1761506.68,,Train,,0
2011-02-04,20,2351143.07,,Train,,0
2011-02-11,20,2211388.14,,Train,,1
2011-02-18,20,2258616.24,,Train,,0
2011-02-25,20,1938608.52,,Train,,0
2011-03-04,20,2143424.61,,Train,,0
2011-03-11,20,1990932.77,,Train,,0
2011-03-18,20,1931668.64,,Train,,0
2011-03-25,20,1824711.21,,Train,,0
2011-04-01,20,1927993.09,,Train,,0
2011-04-08,20,2027056.39,,Train,,0
2011-04-15,20,2057406.33,,Train,,0
2011-04-22,20,2313861.81,,Train,,0
2011-04-29,20,1881788.19,,Train,,0
2011-05-06,20,2090838.44,,Train,,0
2011-05-13,20,2036748.53,,Train,,0
2011-05-20,20,1953416.06,,Train,,0
2011-05-27,20,1944433.17,,Train,,0
2011-06-03,20,2182246.69,,Train,,0
2011-06-10,20,2135062.04,,Train,,0
2011-06-17,20,2065191.27,,Train,,0
2011-06-24,20,1950826.32,,Train,,0
2011-07-01,20,2053165.41,,Train,,0
2011-07-08,20,2123787.79,,Train,,0
2011-07-15,20,2039875.75,,Train,,0
2011-07-22,20,1950904.84,,Train,,0
2011-07-29,20,1858440.92,,Train,,0
2011-08-05,20,2189353.63,,Train,,0
2011-08-12,20,2052246.4,,Train,,0
2011-08-19,20,1990017.93,,Train,,0
2011-08-26,20,1933577.2,,Train,,0
2011-09-02,20,2141765.98,,Train,,0
2011-09-09,20,2050542.56,,Train,,1
2011-09-16,20,1979009.46,,Train,,0
2011-09-23,20,1888119.7,,Train,,0
2011-09-30,20,1945808.26,,Train,,0
2011-10-07,20,2135982.79,,Train,,0
2011-10-14,20,2010107.68,,Train,,0
2011-10-21,20,2104241.9,,Train,,0
2011-10-28,20,2065421.52,,Train,,0
2011-11-04,20,2284106.6,,Train,,0
2011-11-11,20,2269975.85,,Train,,0
2011-11-18,20,2169933.82,,Train,,0
2011-11-25,20,2906233.25,,Train,,1
2011-12-02,20,2298776.83,,Train,,0
2011-12-09,20,2546123.78,,Train,,0
2011-12-16,20,2762816.65,,Train,,0
2011-12-23,20,3555371.03,,Train,,0
2011-12-30,20,2043245.0,,Train,,1
2012-01-06,20,1964701.94,,Train,,0
2012-01-13,20,1911510.64,,Train,,0
2012-01-20,20,1892775.94,,Train,,0
2012-01-27,20,1761016.51,,Train,,0
2012-02-03,20,2203523.2,,Train,,0
2012-02-10,20,2462978.28,,Train,,1
2012-02-17,20,2309025.16,,Train,,0
2012-02-24,20,2045837.55,,Train,,0
2012-03-02,20,2148822.76,,Train,,0
2012-03-09,20,2139265.4,,Train,,0
2012-03-16,20,2064991.71,,Train,,0
2012-03-23,20,1992436.96,,Train,,0
2012-03-30,20,2074721.74,,Train,,0
2012-04-06,20,2565259.92,,Train,,0
2012-04-13,20,2045396.06,,Train,,0
2012-04-20,20,1884427.84,,Train,,0
2012-04-27,20,1886503.93,,Train,,0
2012-05-04,20,2163510.89,,Train,,0
2012-05-11,20,2168097.11,,Train,,0
2012-05-18,20,2039222.26,,Train,,0
2012-05-25,20,2114989.0,,Train,,0
2012-06-01,20,2143126.59,,Train,,0
2012-06-08,20,2231962.13,,Train,,0
2012-06-15,20,2165160.29,,Train,,0
2012-06-22,20,2060588.69,,Train,,0
2012-06-29,20,2055952.61,,Train,,0
2012-07-06,20,2358055.3,,Train,,0
2012-07-13,20,2134680.12,,Train,,0
2012-07-20,20,1970170.29,,Train,,0
2012-07-27,20,1911559.1,,Train,,0
2012-08-03,20,2094515.71,,Train,,0
2012-08-10,20,2144245.39,,Train,,0
2012-08-17,20,2045061.22,,Train,,0
2012-08-24,20,2005341.43,,Train,,0
2012-08-31,20,2062481.56,,Train,,0
2012-09-07,20,2080529.06,,Train,,1
2012-09-14,20,2047949.98,,Train,,0
2012-09-21,20,2028587.24,,Train,,0
2012-09-28,20,2008350.58,,Train,,0
2012-10-05,20,2246411.89,,Train,,0
2012-10-12,20,2162951.36,,Train,,0
2012-10-19,20,1999363.49,,Train,,0
2012-10-26,20,2031650.55,,Train,,0
2010-02-26,21,749597.24,,Train,,0
2010-03-05,21,747444.32,,Train,,0
2010-03-12,21,712312.89,,Train,,0
2010-03-19,21,727070.0,,Train,,0
2010-03-26,21,686497.53,,Train,,0
2010-04-02,21,753664.12,,Train,,0
2010-04-09,21,751181.4,,Train,,0
2010-04-16,21,716026.51,,Train,,0
2010-04-23,21,718780.59,,Train,,0
2010-04-30,21,680532.69,,Train,,0
2010-05-07,21,744969.42,,Train,,0
2010-05-14,21,723559.88,,Train,,0
2010-05-21,21,753361.72,,Train,,0
2010-05-28,21,755214.26,,Train,,0
2010-06-04,21,806012.48,,Train,,0
2010-06-11,21,784305.55,,Train,,0
2010-06-18,21,785104.29,,Train,,0
2010-06-25,21,769848.75,,Train,,0
2010-07-02,21,711470.8,,Train,,0
2010-07-09,21,714677.47,,Train,,0
2010-07-16,21,755098.41,,Train,,0
2010-07-23,21,765823.48,,Train,,0
2010-07-30,21,715876.27,,Train,,0
2010-08-06,21,739279.19,,Train,,0
2010-08-13,21,793589.18,,Train,,0
2010-08-20,21,848873.28,,Train,,0
2010-08-27,21,855882.57,,Train,,0
2010-09-03,21,727772.8,,Train,,0
2010-09-10,21,674055.81,,Train,,1
2010-09-17,21,684340.86,,Train,,0
2010-09-24,21,671688.06,,Train,,0
2010-10-01,21,677158.39,,Train,,0
2010-10-08,21,680579.49,,Train,,0
2010-10-15,21,693412.05,,Train,,0
2010-10-22,21,710668.45,,Train,,0
2010-10-29,21,731756.65,,Train,,0
2010-11-05,21,719888.76,,Train,,0
2010-11-12,21,735796.38,,Train,,0
2010-11-19,21,756288.89,,Train,,0
2010-11-26,21,1245628.61,,Train,,1
2010-12-03,21,829210.73,,Train,,0
2010-12-10,21,943891.64,,Train,,0
2010-12-17,21,1147556.83,,Train,,0
2010-12-24,21,1587257.78,,Train,,0
2010-12-31,21,672903.23,,Train,,1
2011-01-07,21,629152.06,,Train,,0
2011-01-14,21,650789.13,,Train,,0
2011-01-21,21,663941.73,,Train,,0
2011-01-28,21,649878.29,,Train,,0
2011-02-04,21,596218.24,,Train,,0
2011-02-11,21,771908.51,,Train,,1
2011-02-18,21,884701.92,,Train,,0
2011-02-25,21,768313.85,,Train,,0
2011-03-04,21,796277.72,,Train,,0
2011-03-11,21,763479.9,,Train,,0
2011-03-18,21,793569.0,,Train,,0
2011-03-25,21,753711.32,,Train,,0
2011-04-01,21,732056.37,,Train,,0
2011-04-08,21,744782.89,,Train,,0
2011-04-15,21,768390.05,,Train,,0
2011-04-22,21,801302.01,,Train,,0
2011-04-29,21,783250.75,,Train,,0
2011-05-06,21,718898.33,,Train,,0
2011-05-13,21,754236.7,,Train,,0
2011-05-20,21,744836.56,,Train,,0
2011-05-27,21,744389.81,,Train,,0
2011-06-03,21,773878.58,,Train,,0
2011-06-10,21,794397.89,,Train,,0
2011-06-17,21,823220.43,,Train,,0
2011-06-24,21,771298.98,,Train,,0
2011-07-01,21,784639.12,,Train,,0
2011-07-08,21,734099.4,,Train,,0
2011-07-15,21,728311.15,,Train,,0
2011-07-22,21,784490.67,,Train,,0
2011-07-29,21,751167.12,,Train,,0
2011-08-05,21,783614.89,,Train,,0
2011-08-12,21,776933.37,,Train,,0
2011-08-19,21,855546.5,,Train,,0
2011-08-26,21,821127.53,,Train,,0
2011-09-02,21,705557.8,,Train,,0
2011-09-09,21,653989.65,,Train,,1
2011-09-16,21,653525.84,,Train,,0
2011-09-23,21,681913.29,,Train,,0
2011-09-30,21,651970.48,,Train,,0
2011-10-07,21,663452.46,,Train,,0
2011-10-14,21,671379.44,,Train,,0
2011-10-21,21,729036.06,,Train,,0
2011-10-28,21,738812.0,,Train,,0
2011-11-04,21,767358.37,,Train,,0
2011-11-11,21,757369.87,,Train,,0
2011-11-18,21,737014.09,,Train,,0
2011-11-25,21,1219263.4,,Train,,1
2011-12-02,21,793184.25,,Train,,0
2011-12-09,21,897747.13,,Train,,0
2011-12-16,21,1027584.51,,Train,,0
2011-12-23,21,1384552.17,,Train,,0
2011-12-30,21,804362.36,,Train,,1
2012-01-06,21,640181.86,,Train,,0
2012-01-13,21,631181.25,,Train,,0
2012-01-20,21,651178.2,,Train,,0
2012-01-27,21,611258.71,,Train,,0
2012-02-03,21,680725.43,,Train,,0
2012-02-10,21,770652.79,,Train,,1
2012-02-17,21,834663.52,,Train,,0
2012-02-24,21,747099.07,,Train,,0
2012-03-02,21,764385.4,,Train,,0
2012-03-09,21,755084.4,,Train,,0
2012-03-16,21,767338.32,,Train,,0
2012-03-23,21,729759.97,,Train,,0
2012-03-30,21,724798.76,,Train,,0
2012-04-06,21,761956.58,,Train,,0
2012-04-13,21,769319.04,,Train,,0
2012-04-20,21,734858.91,,Train,,0
2012-04-27,21,674829.58,,Train,,0
2012-05-04,21,697645.32,,Train,,0
2012-05-11,21,649945.54,,Train,,0
2012-05-18,21,700554.16,,Train,,0
2012-05-25,21,722891.24,,Train,,0
2012-06-01,21,695439.83,,Train,,0
2012-06-08,21,707895.72,,Train,,0
2012-06-15,21,727049.04,,Train,,0
2012-06-22,21,735870.0,,Train,,0
2012-06-29,21,716341.39,,Train,,0
2012-07-06,21,693013.59,,Train,,0
2012-07-13,21,668132.36,,Train,,0
2012-07-20,21,691200.33,,Train,,0
2012-07-27,21,677789.14,,Train,,0
2012-08-03,21,693785.85,,Train,,0
2012-08-10,21,700272.01,,Train,,0
2012-08-17,21,751963.81,,Train,,0
2012-08-24,21,802003.61,,Train,,0
2012-08-31,21,763867.59,,Train,,0
2012-09-07,21,642827.29,,Train,,1
2012-09-14,21,628494.63,,Train,,0
2012-09-21,21,667151.46,,Train,,0
2012-09-28,21,647097.65,,Train,,0
2012-10-05,21,651768.91,,Train,,0
2012-10-12,21,653043.44,,Train,,0
2012-10-19,21,641368.14,,Train,,0
2012-10-26,21,675202.87,,Train,,0
2010-02-26,22,899761.48,,Train,,0
2010-03-05,22,1009201.24,,Train,,0
2010-03-12,22,967187.37,,Train,,0
2010-03-19,22,966145.09,,Train,,0
2010-03-26,22,1012075.12,,Train,,0
2010-04-02,22,1177340.99,,Train,,0
2010-04-09,22,1033171.07,,Train,,0
2010-04-16,22,1000968.67,,Train,,0
2010-04-23,22,969594.47,,Train,,0
2010-04-30,22,977683.06,,Train,,0
2010-05-07,22,1052973.28,,Train,,0
2010-05-14,22,973585.33,,Train,,0
2010-05-21,22,979977.89,,Train,,0
2010-05-28,22,1103740.4,,Train,,0
2010-06-04,22,1095539.13,,Train,,0
2010-06-11,22,1061196.47,,Train,,0
2010-06-18,22,1052895.25,,Train,,0
2010-06-25,22,1095020.33,,Train,,0
2010-07-02,22,1120259.71,,Train,,0
2010-07-09,22,1092654.26,,Train,,0
2010-07-16,22,988392.99,,Train,,0
2010-07-23,22,974123.2,,Train,,0
2010-07-30,22,970773.64,,Train,,0
2010-08-06,22,1010326.14,,Train,,0
2010-08-13,22,993097.43,,Train,,0
2010-08-20,22,1017045.44,,Train,,0
2010-08-27,22,1081420.96,,Train,,0
2010-09-03,22,1074535.88,,Train,,0
2010-09-10,22,924174.4,,Train,,1
2010-09-17,22,918285.97,,Train,,0
2010-09-24,22,902779.25,,Train,,0
2010-10-01,22,905987.17,,Train,,0
2010-10-08,22,1015051.62,,Train,,0
2010-10-15,22,954401.46,,Train,,0
2010-10-22,22,960998.52,,Train,,0
2010-10-29,22,1025766.27,,Train,,0
2010-11-05,22,1006888.16,,Train,,0
2010-11-12,22,1043698.64,,Train,,0
2010-11-19,22,985896.44,,Train,,0
2010-11-26,22,1564502.26,,Train,,1
2010-12-03,22,1230514.58,,Train,,0
2010-12-10,22,1367202.84,,Train,,0
2010-12-17,22,1527682.99,,Train,,0
2010-12-24,22,1962445.04,,Train,,0
2010-12-31,22,774262.28,,Train,,1
2011-01-07,22,873954.7,,Train,,0
2011-01-14,22,807535.52,,Train,,0
2011-01-21,22,855001.02,,Train,,0
2011-01-28,22,799369.15,,Train,,0
2011-02-04,22,946060.98,,Train,,0
2011-02-11,22,1009206.33,,Train,,1
2011-02-18,22,975964.86,,Train,,0
2011-02-25,22,911245.43,,Train,,0
2011-03-04,22,997353.15,,Train,,0
2011-03-11,22,944587.23,,Train,,0
2011-03-18,22,926427.12,,Train,,0
2011-03-25,22,933528.39,,Train,,0
2011-04-01,22,951588.37,,Train,,0
2011-04-08,22,969046.69,,Train,,0
2011-04-15,22,1008557.04,,Train,,0
2011-04-22,22,1152781.9,,Train,,0
2011-04-29,22,926133.8,,Train,,0
2011-05-06,22,1032076.06,,Train,,0
2011-05-13,22,1001558.74,,Train,,0
2011-05-20,22,970307.83,,Train,,0
2011-05-27,22,1021568.34,,Train,,0
2011-06-03,22,1125169.92,,Train,,0
2011-06-10,22,1060868.49,,Train,,0
2011-06-17,22,1042454.61,,Train,,0
2011-06-24,22,1012584.2,,Train,,0
2011-07-01,22,1077491.68,,Train,,0
2011-07-08,22,1017050.65,,Train,,0
2011-07-15,22,961953.57,,Train,,0
2011-07-22,22,964683.8,,Train,,0
2011-07-29,22,944958.69,,Train,,0
2011-08-05,22,983232.96,,Train,,0
2011-08-12,22,991779.2,,Train,,0
2011-08-19,22,973004.91,,Train,,0
2011-08-26,22,1181815.31,,Train,,0
2011-09-02,22,912762.76,,Train,,0
2011-09-09,22,1004434.54,,Train,,1
2011-09-16,22,937420.65,,Train,,0
2011-09-23,22,899834.75,,Train,,0
2011-09-30,22,953314.16,,Train,,0
2011-10-07,22,993436.67,,Train,,0
2011-10-14,22,944337.32,,Train,,0
2011-10-21,22,981567.22,,Train,,0
2011-10-28,22,1099351.68,,Train,,0
2011-11-04,22,1106575.59,,Train,,0
2011-11-11,22,1051740.29,,Train,,0
2011-11-18,22,1007579.44,,Train,,0
2011-11-25,22,1535857.49,,Train,,1
2011-12-02,22,1167621.14,,Train,,0
2011-12-09,22,1308967.44,,Train,,0
2011-12-16,22,1453153.33,,Train,,0
2011-12-23,22,1863195.68,,Train,,0
2011-12-30,22,982661.14,,Train,,1
2012-01-06,22,895358.2,,Train,,0
2012-01-13,22,855437.57,,Train,,0
2012-01-20,22,897027.44,,Train,,0
2012-01-27,22,786459.23,,Train,,0
2012-02-03,22,958487.75,,Train,,0
2012-02-10,22,1034448.07,,Train,,1
2012-02-17,22,1004749.41,,Train,,0
2012-02-24,22,912958.95,,Train,,0
2012-03-02,22,974866.65,,Train,,0
2012-03-09,22,991127.01,,Train,,0
2012-03-16,22,966780.01,,Train,,0
2012-03-23,22,992774.4,,Train,,0
2012-03-30,22,965769.93,,Train,,0
2012-04-06,22,1197489.66,,Train,,0
2012-04-13,22,939118.24,,Train,,0
2012-04-20,22,1000342.87,,Train,,0
2012-04-27,22,922539.94,,Train,,0
2012-05-04,22,1005083.31,,Train,,0
2012-05-11,22,997868.63,,Train,,0
2012-05-18,22,986612.02,,Train,,0
2012-05-25,22,1047297.38,,Train,,0
2012-06-01,22,1102857.37,,Train,,0
2012-06-08,22,1061134.37,,Train,,0
2012-06-15,22,1061219.19,,Train,,0
2012-06-22,22,1112449.3,,Train,,0
2012-06-29,22,1053881.78,,Train,,0
2012-07-06,22,1097786.14,,Train,,0
2012-07-13,22,971361.38,,Train,,0
2012-07-20,22,991969.37,,Train,,0
2012-07-27,22,925731.21,,Train,,0
2012-08-03,22,1007257.83,,Train,,0
2012-08-10,22,973812.79,,Train,,0
2012-08-17,22,981273.26,,Train,,0
2012-08-24,22,1060906.75,,Train,,0
2012-08-31,22,1022270.86,,Train,,0
2012-09-07,22,996628.8,,Train,,1
2012-09-14,22,918049.28,,Train,,0
2012-09-21,22,921612.53,,Train,,0
2012-09-28,22,976479.51,,Train,,0
2012-10-05,22,1009887.36,,Train,,0
2012-10-12,22,1004039.84,,Train,,0
2012-10-19,22,978027.95,,Train,,0
2012-10-26,22,1094422.69,,Train,,0
2010-02-26,23,1198709.65,,Train,,0
2010-03-05,23,1311175.93,,Train,,0
2010-03-12,23,1408082.96,,Train,,0
2010-03-19,23,1229008.32,,Train,,0
2010-03-26,23,1310701.8,,Train,,0
2010-04-02,23,1556627.62,,Train,,0
2010-04-09,23,1264434.7,,Train,,0
2010-04-16,23,1288823.72,,Train,,0
2010-04-23,23,1315023.08,,Train,,0
2010-04-30,23,1259414.52,,Train,,0
2010-05-07,23,1365552.28,,Train,,0
2010-05-14,23,1303055.09,,Train,,0
2010-05-21,23,1327424.28,,Train,,0
2010-05-28,23,1571158.56,,Train,,0
2010-06-04,23,1514435.51,,Train,,0
2010-06-11,23,1439432.06,,Train,,0
2010-06-18,23,1507708.93,,Train,,0
2010-06-25,23,1415204.88,,Train,,0
2010-07-02,23,1549113.18,,Train,,0
2010-07-09,23,1417535.78,,Train,,0
2010-07-16,23,1413124.11,,Train,,0
2010-07-23,23,1333634.45,,Train,,0
2010-07-30,23,1319773.55,,Train,,0
2010-08-06,23,1417013.07,,Train,,0
2010-08-13,23,1346345.97,,Train,,0
2010-08-20,23,1439901.05,,Train,,0
2010-08-27,23,1584623.36,,Train,,0
2010-09-03,23,1405119.23,,Train,,0
2010-09-10,23,1272842.85,,Train,,1
2010-09-17,23,1159132.58,,Train,,0
2010-09-24,23,1099055.65,,Train,,0
2010-10-01,23,1129909.44,,Train,,0
2010-10-08,23,1179851.68,,Train,,0
2010-10-15,23,1119809.71,,Train,,0
2010-10-22,23,1147503.92,,Train,,0
2010-10-29,23,1112871.23,,Train,,0
2010-11-05,23,1203119.96,,Train,,0
2010-11-12,23,1387953.75,,Train,,0
2010-11-19,23,1314994.32,,Train,,0
2010-11-26,23,2072685.05,,Train,,1
2010-12-03,23,1617025.41,,Train,,0
2010-12-10,23,1872365.99,,Train,,0
2010-12-17,23,2238573.48,,Train,,0
2010-12-24,23,2734277.1,,Train,,0
2010-12-31,23,1169773.85,,Train,,1
2011-01-07,23,1122034.48,,Train,,0
2011-01-14,23,1016756.1,,Train,,0
2011-01-21,23,1110706.06,,Train,,0
2011-01-28,23,1083657.61,,Train,,0
2011-02-04,23,1159438.53,,Train,,0
2011-02-11,23,1249786.4,,Train,,1
2011-02-18,23,1369971.57,,Train,,0
2011-02-25,23,1206917.2,,Train,,0
2011-03-04,23,1301185.28,,Train,,0
2011-03-11,23,1042043.55,,Train,,0
2011-03-18,23,1203682.62,,Train,,0
2011-03-25,23,1148624.83,,Train,,0
2011-04-01,23,1182694.95,,Train,,0
2011-04-08,23,1248901.98,,Train,,0
2011-04-15,23,1263680.51,,Train,,0
2011-04-22,23,1447301.24,,Train,,0
2011-04-29,23,1173307.4,,Train,,0
2011-05-06,23,1359921.13,,Train,,0
2011-05-13,23,1254914.87,,Train,,0
2011-05-20,23,1337617.55,,Train,,0
2011-05-27,23,1361945.18,,Train,,0
2011-06-03,23,1562161.97,,Train,,0
2011-06-10,23,1447028.06,,Train,,0
2011-06-17,23,1470520.83,,Train,,0
2011-06-24,23,1434036.18,,Train,,0
2011-07-01,23,1492507.44,,Train,,0
2011-07-08,23,1379488.05,,Train,,0
2011-07-15,23,1360520.56,,Train,,0
2011-07-22,23,1362144.0,,Train,,0
2011-07-29,23,1319767.55,,Train,,0
2011-08-05,23,1416344.68,,Train,,0
2011-08-12,23,1380952.05,,Train,,0
2011-08-19,23,1453416.53,,Train,,0
2011-08-26,23,1637266.29,,Train,,0
2011-09-02,23,1464295.69,,Train,,0
2011-09-09,23,1423289.9,,Train,,1
2011-09-16,23,1253329.17,,Train,,0
2011-09-23,23,1289082.81,,Train,,0
2011-09-30,23,1275597.85,,Train,,0
2011-10-07,23,1463501.99,,Train,,0
2011-10-14,23,1257778.34,,Train,,0
2011-10-21,23,1441032.59,,Train,,0
2011-10-28,23,1407191.96,,Train,,0
2011-11-04,23,1428436.33,,Train,,0
2011-11-11,23,1436940.78,,Train,,0
2011-11-18,23,1345631.96,,Train,,0
2011-11-25,23,2057059.53,,Train,,1
2011-12-02,23,1552886.59,,Train,,0
2011-12-09,23,1841173.6,,Train,,0
2011-12-16,23,2173621.2,,Train,,0
2011-12-23,23,2587953.32,,Train,,0
2011-12-30,23,1213486.95,,Train,,1
2012-01-06,23,1150662.55,,Train,,0
2012-01-13,23,1031451.35,,Train,,0
2012-01-20,23,1146992.13,,Train,,0
2012-01-27,23,1037476.38,,Train,,0
2012-02-03,23,1261872.67,,Train,,0
2012-02-10,23,1358444.07,,Train,,1
2012-02-17,23,1365546.69,,Train,,0
2012-02-24,23,1272948.27,,Train,,0
2012-03-02,23,1322852.2,,Train,,0
2012-03-09,23,1292724.9,,Train,,0
2012-03-16,23,1258364.31,,Train,,0
2012-03-23,23,1288154.1,,Train,,0
2012-03-30,23,1261964.96,,Train,,0
2012-04-06,23,1604605.69,,Train,,0
2012-04-13,23,1231752.54,,Train,,0
2012-04-20,23,1287899.41,,Train,,0
2012-04-27,23,1277758.76,,Train,,0
2012-05-04,23,1317379.68,,Train,,0
2012-05-11,23,1321914.34,,Train,,0
2012-05-18,23,1332952.47,,Train,,0
2012-05-25,23,1552934.64,,Train,,0
2012-06-01,23,1476144.34,,Train,,0
2012-06-08,23,1568048.54,,Train,,0
2012-06-15,23,1543667.68,,Train,,0
2012-06-22,23,1522042.57,,Train,,0
2012-06-29,23,1451782.16,,Train,,0
2012-07-06,23,1545370.16,,Train,,0
2012-07-13,23,1384921.63,,Train,,0
2012-07-20,23,1381339.23,,Train,,0
2012-07-27,23,1322932.36,,Train,,0
2012-08-03,23,1416926.31,,Train,,0
2012-08-10,23,1436311.76,,Train,,0
2012-08-17,23,1510131.45,,Train,,0
2012-08-24,23,1702220.96,,Train,,0
2012-08-31,23,1577468.78,,Train,,0
2012-09-07,23,1427162.26,,Train,,1
2012-09-14,23,1279041.64,,Train,,0
2012-09-21,23,1338627.55,,Train,,0
2012-09-28,23,1319035.06,,Train,,0
2012-10-05,23,1464616.59,,Train,,0
2012-10-12,23,1412925.25,,Train,,0
2012-10-19,23,1363155.77,,Train,,0
2012-10-26,23,1347454.59,,Train,,0
2010-02-26,24,1158722.74,,Train,,0
2010-03-05,24,1412387.37,,Train,,0
2010-03-12,24,1309340.16,,Train,,0
2010-03-19,24,1222511.29,,Train,,0
2010-03-26,24,1258311.56,,Train,,0
2010-04-02,24,1478321.26,,Train,,0
2010-04-09,24,1379579.63,,Train,,0
2010-04-16,24,1268266.72,,Train,,0
2010-04-23,24,1264117.01,,Train,,0
2010-04-30,24,1259877.19,,Train,,0
2010-05-07,24,1409705.03,,Train,,0
2010-05-14,24,1346783.35,,Train,,0
2010-05-21,24,1283482.85,,Train,,0
2010-05-28,24,1473868.15,,Train,,0
2010-06-04,24,1566668.91,,Train,,0
2010-06-11,24,1375458.21,,Train,,0
2010-06-18,24,1354168.18,,Train,,0
2010-06-25,24,1399073.75,,Train,,0
2010-07-02,24,1563387.94,,Train,,0
2010-07-09,24,1665502.55,,Train,,0
2010-07-16,24,1418697.05,,Train,,0
2010-07-23,24,1333740.35,,Train,,0
2010-07-30,24,1387517.63,,Train,,0
2010-08-06,24,1442819.28,,Train,,0
2010-08-13,24,1384243.75,,Train,,0
2010-08-20,24,1375307.54,,Train,,0
2010-08-27,24,1350059.35,,Train,,0
2010-09-03,24,1366381.6,,Train,,0
2010-09-10,24,1474498.59,,Train,,1
2010-09-17,24,1273295.46,,Train,,0
2010-09-24,24,1169413.27,,Train,,0
2010-10-01,24,1215273.2,,Train,,0
2010-10-08,24,1361944.94,,Train,,0
2010-10-15,24,1300806.74,,Train,,0
2010-10-22,24,1234875.33,,Train,,0
2010-10-29,24,1244925.94,,Train,,0
2010-11-05,24,1285358.01,,Train,,0
2010-11-12,24,1312877.01,,Train,,0
2010-11-19,24,1277150.6,,Train,,0
2010-11-26,24,1779276.51,,Train,,1
2010-12-03,24,1413302.7,,Train,,0
2010-12-10,24,1593012.75,,Train,,0
2010-12-17,24,1663525.77,,Train,,0
2010-12-24,24,2386015.75,,Train,,0
2010-12-31,24,1208600.05,,Train,,1
2011-01-07,24,1178641.71,,Train,,0
2011-01-14,24,1167740.2,,Train,,0
2011-01-21,24,1107170.39,,Train,,0
2011-01-28,24,1126921.34,,Train,,0
2011-02-04,24,1225182.04,,Train,,0
2011-02-11,24,1341240.62,,Train,,1
2011-02-18,24,1360150.12,,Train,,0
2011-02-25,24,1235121.33,,Train,,0
2011-03-04,24,1346994.53,,Train,,0
2011-03-11,24,1253218.7,,Train,,0
2011-03-18,24,1168397.26,,Train,,0
2011-03-25,24,1158693.12,,Train,,0
2011-04-01,24,1163803.3,,Train,,0
2011-04-08,24,1273670.32,,Train,,0
2011-04-15,24,1245576.65,,Train,,0
2011-04-22,24,1372484.9,,Train,,0
2011-04-29,24,1197761.17,,Train,,0
2011-05-06,24,1339630.35,,Train,,0
2011-05-13,24,1311950.16,,Train,,0
2011-05-20,24,1234281.7,,Train,,0
2011-05-27,24,1311153.72,,Train,,0
2011-06-03,24,1554837.62,,Train,,0
2011-06-10,24,1373841.91,,Train,,0
2011-06-17,24,1320359.23,,Train,,0
2011-06-24,24,1304850.67,,Train,,0
2011-07-01,24,1445596.61,,Train,,0
2011-07-08,24,1567340.07,,Train,,0
2011-07-15,24,1356938.95,,Train,,0
2011-07-22,24,1357672.24,,Train,,0
2011-07-29,24,1310973.06,,Train,,0
2011-08-05,24,1417616.81,,Train,,0
2011-08-12,24,1402818.01,,Train,,0
2011-08-19,24,1352039.88,,Train,,0
2011-08-26,24,1402372.09,,Train,,0
2011-09-02,24,1196105.44,,Train,,0
2011-09-09,24,1527455.19,,Train,,1
2011-09-16,24,1227535.97,,Train,,0
2011-09-23,24,1232376.49,,Train,,0
2011-09-30,24,1246242.61,,Train,,0
2011-10-07,24,1405914.39,,Train,,0
2011-10-14,24,1333315.03,,Train,,0
2011-10-21,24,1283563.43,,Train,,0
2011-10-28,24,1307142.75,,Train,,0
2011-11-04,24,1385860.38,,Train,,0
2011-11-11,24,1425078.59,,Train,,0
2011-11-18,24,1297535.69,,Train,,0
2011-11-25,24,1761235.67,,Train,,1
2011-12-02,24,1335647.1,,Train,,0
2011-12-09,24,1529615.54,,Train,,0
2011-12-16,24,1624994.43,,Train,,0
2011-12-23,24,2168344.23,,Train,,0
2011-12-30,24,1363973.16,,Train,,1
2012-01-06,24,1251581.89,,Train,,0
2012-01-13,24,1155594.2,,Train,,0
2012-01-20,24,1151993.85,,Train,,0
2012-01-27,24,1057290.41,,Train,,0
2012-02-03,24,1249696.97,,Train,,0
2012-02-10,24,1403460.87,,Train,,1
2012-02-17,24,1326370.08,,Train,,0
2012-02-24,24,1303233.15,,Train,,0
2012-03-02,24,1213994.39,,Train,,0
2012-03-09,24,1325835.7,,Train,,0
2012-03-16,24,1239299.12,,Train,,0
2012-03-23,24,1221723.94,,Train,,0
2012-03-30,24,1230106.13,,Train,,0
2012-04-06,24,1524734.29,,Train,,0
2012-04-13,24,1285783.87,,Train,,0
2012-04-20,24,1208654.4,,Train,,0
2012-04-27,24,1194334.65,,Train,,0
2012-05-04,24,1306551.71,,Train,,0
2012-05-11,24,1355391.79,,Train,,0
2012-05-18,24,1298809.8,,Train,,0
2012-05-25,24,1407897.57,,Train,,0
2012-06-01,24,1467722.19,,Train,,0
2012-06-08,24,1406313.13,,Train,,0
2012-06-15,24,1364445.98,,Train,,0
2012-06-22,24,1434709.63,,Train,,0
2012-06-29,24,1428869.9,,Train,,0
2012-07-06,24,1645097.75,,Train,,0
2012-07-13,24,1405475.78,,Train,,0
2012-07-20,24,1394299.0,,Train,,0
2012-07-27,24,1307339.14,,Train,,0
2012-08-03,24,1440374.13,,Train,,0
2012-08-10,24,1497054.81,,Train,,0
2012-08-17,24,1397970.54,,Train,,0
2012-08-24,24,1303726.54,,Train,,0
2012-08-31,24,1344558.92,,Train,,0
2012-09-07,24,1477134.75,,Train,,1
2012-09-14,24,1242909.53,,Train,,0
2012-09-21,24,1261158.47,,Train,,0
2012-09-28,24,1259278.36,,Train,,0
2012-10-05,24,1416720.54,,Train,,0
2012-10-12,24,1416301.17,,Train,,0
2012-10-19,24,1255414.84,,Train,,0
2012-10-26,24,1307182.29,,Train,,0
2010-02-26,25,628516.57,,Train,,0
2010-03-05,25,665750.06,,Train,,0
2010-03-12,25,660619.99,,Train,,0
2010-03-19,25,659795.84,,Train,,0
2010-03-26,25,696687.6,,Train,,0
2010-04-02,25,822486.37,,Train,,0
2010-04-09,25,712647.97,,Train,,0
2010-04-16,25,715311.6,,Train,,0
2010-04-23,25,694531.72,,Train,,0
2010-04-30,25,706924.02,,Train,,0
2010-05-07,25,724468.97,,Train,,0
2010-05-14,25,698073.95,,Train,,0
2010-05-21,25,704113.22,,Train,,0
2010-05-28,25,792442.54,,Train,,0
2010-06-04,25,764155.44,,Train,,0
2010-06-11,25,737163.2,,Train,,0
2010-06-18,25,780444.94,,Train,,0
2010-06-25,25,737569.14,,Train,,0
2010-07-02,25,759407.87,,Train,,0
2010-07-09,25,719591.13,,Train,,0
2010-07-16,25,726997.84,,Train,,0
2010-07-23,25,665290.93,,Train,,0
2010-07-30,25,682124.34,,Train,,0
2010-08-06,25,699464.43,,Train,,0
2010-08-13,25,686072.39,,Train,,0
2010-08-20,25,724499.81,,Train,,0
2010-08-27,25,711461.95,,Train,,0
2010-09-03,25,685700.08,,Train,,0
2010-09-10,25,655811.95,,Train,,1
2010-09-17,25,628989.88,,Train,,0
2010-09-24,25,607819.33,,Train,,0
2010-10-01,25,658640.14,,Train,,0
2010-10-08,25,674283.86,,Train,,0
2010-10-15,25,616094.72,,Train,,0
2010-10-22,25,661644.19,,Train,,0
2010-10-29,25,674458.03,,Train,,0
2010-11-05,25,696314.53,,Train,,0
2010-11-12,25,713250.08,,Train,,0
2010-11-19,25,718056.73,,Train,,0
2010-11-26,25,1115240.61,,Train,,1
2010-12-03,25,885572.96,,Train,,0
2010-12-10,25,964729.18,,Train,,0
2010-12-17,25,1047707.59,,Train,,0
2010-12-24,25,1295391.19,,Train,,0
2010-12-31,25,623092.54,,Train,,1
2011-01-07,25,558794.63,,Train,,0
2011-01-14,25,572360.83,,Train,,0
2011-01-21,25,568093.57,,Train,,0
2011-01-28,25,600448.69,,Train,,0
2011-02-04,25,639830.45,,Train,,0
2011-02-11,25,615666.78,,Train,,1
2011-02-18,25,634637.03,,Train,,0
2011-02-25,25,570816.34,,Train,,0
2011-03-04,25,640912.18,,Train,,0
2011-03-11,25,599828.39,,Train,,0
2011-03-18,25,603393.64,,Train,,0
2011-03-25,25,616324.24,,Train,,0
2011-04-01,25,618377.79,,Train,,0
2011-04-08,25,648606.13,,Train,,0
2011-04-15,25,674562.45,,Train,,0
2011-04-22,25,756588.42,,Train,,0
2011-04-29,25,649245.0,,Train,,0
2011-05-06,25,659446.55,,Train,,0
2011-05-13,25,684783.15,,Train,,0
2011-05-20,25,677971.33,,Train,,0
2011-05-27,25,718373.94,,Train,,0
2011-06-03,25,737551.74,,Train,,0
2011-06-10,25,740259.63,,Train,,0
2011-06-17,25,717373.43,,Train,,0
2011-06-24,25,699270.1,,Train,,0
2011-07-01,25,706206.86,,Train,,0
2011-07-08,25,698529.64,,Train,,0
2011-07-15,25,680510.23,,Train,,0
2011-07-22,25,670854.96,,Train,,0
2011-07-29,25,668390.82,,Train,,0
2011-08-05,25,679706.01,,Train,,0
2011-08-12,25,667130.48,,Train,,0
2011-08-19,25,688958.75,,Train,,0
2011-08-26,25,726422.55,,Train,,0
2011-09-02,25,699779.0,,Train,,0
2011-09-09,25,673248.48,,Train,,1
2011-09-16,25,628720.46,,Train,,0
2011-09-23,25,620885.93,,Train,,0
2011-09-30,25,639160.24,,Train,,0
2011-10-07,25,671522.87,,Train,,0
2011-10-14,25,646915.47,,Train,,0
2011-10-21,25,690675.5,,Train,,0
2011-10-28,25,724443.97,,Train,,0
2011-11-04,25,718393.61,,Train,,0
2011-11-11,25,719235.07,,Train,,0
2011-11-18,25,728525.6,,Train,,0
2011-11-25,25,1116211.39,,Train,,1
2011-12-02,25,878314.57,,Train,,0
2011-12-09,25,916446.02,,Train,,0
2011-12-16,25,997502.47,,Train,,0
2011-12-23,25,1290532.97,,Train,,0
2011-12-30,25,683665.37,,Train,,1
2012-01-06,25,636419.12,,Train,,0
2012-01-13,25,614764.31,,Train,,0
2012-01-20,25,594744.89,,Train,,0
2012-01-27,25,589554.29,,Train,,0
2012-02-03,25,642776.4,,Train,,0
2012-02-10,25,658984.38,,Train,,1
2012-02-17,25,654088.02,,Train,,0
2012-02-24,25,613501.05,,Train,,0
2012-03-02,25,643155.89,,Train,,0
2012-03-09,25,643711.53,,Train,,0
2012-03-16,25,638204.27,,Train,,0
2012-03-23,25,672831.78,,Train,,0
2012-03-30,25,684348.92,,Train,,0
2012-04-06,25,791356.9,,Train,,0
2012-04-13,25,658691.56,,Train,,0
2012-04-20,25,661566.48,,Train,,0
2012-04-27,25,655157.32,,Train,,0
2012-05-04,25,696421.72,,Train,,0
2012-05-11,25,739866.16,,Train,,0
2012-05-18,25,717207.19,,Train,,0
2012-05-25,25,783371.02,,Train,,0
2012-06-01,25,694765.95,,Train,,0
2012-06-08,25,730254.19,,Train,,0
2012-06-15,25,753860.89,,Train,,0
2012-06-22,25,721601.9,,Train,,0
2012-06-29,25,718890.81,,Train,,0
2012-07-06,25,753385.55,,Train,,0
2012-07-13,25,714093.95,,Train,,0
2012-07-20,25,685676.58,,Train,,0
2012-07-27,25,659109.53,,Train,,0
2012-08-03,25,709724.6,,Train,,0
2012-08-10,25,710496.97,,Train,,0
2012-08-17,25,728467.72,,Train,,0
2012-08-24,25,756527.64,,Train,,0
2012-08-31,25,714828.73,,Train,,0
2012-09-07,25,671482.9,,Train,,1
2012-09-14,25,657241.63,,Train,,0
2012-09-21,25,664745.2,,Train,,0
2012-09-28,25,683300.84,,Train,,0
2012-10-05,25,699536.73,,Train,,0
2012-10-12,25,697317.41,,Train,,0
2012-10-19,25,685531.85,,Train,,0
2012-10-26,25,688940.94,,Train,,0
2010-02-26,26,855385.01,,Train,,0
2010-03-05,26,1005669.58,,Train,,0
2010-03-12,26,963382.09,,Train,,0
2010-03-19,26,903366.55,,Train,,0
2010-03-26,26,893613.0,,Train,,0
2010-04-02,26,1029849.2,,Train,,0
2010-04-09,26,1022293.81,,Train,,0
2010-04-16,26,905548.38,,Train,,0
2010-04-23,26,881930.87,,Train,,0
2010-04-30,26,904503.85,,Train,,0
2010-05-07,26,1074479.73,,Train,,0
2010-05-14,26,972663.59,,Train,,0
2010-05-21,26,986765.01,,Train,,0
2010-05-28,26,1069851.59,,Train,,0
2010-06-04,26,1003202.66,,Train,,0
2010-06-11,26,1073862.59,,Train,,0
2010-06-18,26,1001286.67,,Train,,0
2010-06-25,26,976242.09,,Train,,0
2010-07-02,26,1078455.48,,Train,,0
2010-07-09,26,1122356.53,,Train,,0
2010-07-16,26,1028151.72,,Train,,0
2010-07-23,26,971615.62,,Train,,0
2010-07-30,26,1005324.28,,Train,,0
2010-08-06,26,1125329.77,,Train,,0
2010-08-13,26,1011938.29,,Train,,0
2010-08-20,26,1007385.36,,Train,,0
2010-08-27,26,977322.52,,Train,,0
2010-09-03,26,1037549.71,,Train,,0
2010-09-10,26,1042226.3,,Train,,1
2010-09-17,26,923473.7,,Train,,0
2010-09-24,26,868636.3,,Train,,0
2010-10-01,26,923221.52,,Train,,0
2010-10-08,26,1001069.52,,Train,,0
2010-10-15,26,937956.89,,Train,,0
2010-10-22,26,916522.66,,Train,,0
2010-10-29,26,895069.88,,Train,,0
2010-11-05,26,970224.51,,Train,,0
2010-11-12,26,971193.01,,Train,,0
2010-11-19,26,901972.7,,Train,,0
2010-11-26,26,1286833.62,,Train,,1
2010-12-03,26,1016143.64,,Train,,0
2010-12-10,26,1149612.04,,Train,,0
2010-12-17,26,1196813.33,,Train,,0
2010-12-24,26,1573982.47,,Train,,0
2010-12-31,26,877268.29,,Train,,1
2011-01-07,26,938149.21,,Train,,0
2011-01-14,26,812323.29,,Train,,0
2011-01-21,26,809833.21,,Train,,0
2011-01-28,26,817485.14,,Train,,0
2011-02-04,26,911807.02,,Train,,0
2011-02-11,26,1010711.08,,Train,,1
2011-02-18,26,981978.02,,Train,,0
2011-02-25,26,910298.44,,Train,,0
2011-03-04,26,945643.17,,Train,,0
2011-03-11,26,946614.55,,Train,,0
2011-03-18,26,887426.12,,Train,,0
2011-03-25,26,866566.54,,Train,,0
2011-04-01,26,849231.61,,Train,,0
2011-04-08,26,985229.81,,Train,,0
2011-04-15,26,863266.12,,Train,,0
2011-04-22,26,921700.61,,Train,,0
2011-04-29,26,873450.29,,Train,,0
2011-05-06,26,1024778.23,,Train,,0
2011-05-13,26,941008.85,,Train,,0
2011-05-20,26,938334.62,,Train,,0
2011-05-27,26,996723.58,,Train,,0
2011-06-03,26,1054454.4,,Train,,0
2011-06-10,26,1094058.68,,Train,,0
2011-06-17,26,981646.46,,Train,,0
2011-06-24,26,997474.93,,Train,,0
2011-07-01,26,1070119.09,,Train,,0
2011-07-08,26,1133807.03,,Train,,0
2011-07-15,26,1021534.7,,Train,,0
2011-07-22,26,1017867.8,,Train,,0
2011-07-29,26,1005360.5,,Train,,0
2011-08-05,26,1107552.43,,Train,,0
2011-08-12,26,1087644.5,,Train,,0
2011-08-19,26,1021766.75,,Train,,0
2011-08-26,26,1064617.62,,Train,,0
2011-09-02,26,1040143.14,,Train,,0
2011-09-09,26,1069710.97,,Train,,1
2011-09-16,26,951569.84,,Train,,0
2011-09-23,26,923644.6,,Train,,0
2011-09-30,26,959339.51,,Train,,0
2011-10-07,26,1130022.99,,Train,,0
2011-10-14,26,987886.08,,Train,,0
2011-10-21,26,974907.28,,Train,,0
2011-10-28,26,972256.98,,Train,,0
2011-11-04,26,988950.75,,Train,,0
2011-11-11,26,1077640.13,,Train,,0
2011-11-18,26,946091.79,,Train,,0
2011-11-25,26,1282320.05,,Train,,1
2011-12-02,26,1012498.49,,Train,,0
2011-12-09,26,1148987.46,,Train,,0
2011-12-16,26,1204807.83,,Train,,0
2011-12-23,26,1515175.01,,Train,,0
2011-12-30,26,972834.42,,Train,,1
2012-01-06,26,971557.62,,Train,,0
2012-01-13,26,836305.65,,Train,,0
2012-01-20,26,838751.5,,Train,,0
2012-01-27,26,820059.89,,Train,,0
2012-02-03,26,939158.25,,Train,,0
2012-02-10,26,1081005.64,,Train,,1
2012-02-17,26,965788.76,,Train,,0
2012-02-24,26,917924.47,,Train,,0
2012-03-02,26,955641.74,,Train,,0
2012-03-09,26,1028569.01,,Train,,0
2012-03-16,26,919503.4,,Train,,0
2012-03-23,26,874790.68,,Train,,0
2012-03-30,26,922018.43,,Train,,0
2012-04-06,26,1116829.23,,Train,,0
2012-04-13,26,889670.29,,Train,,0
2012-04-20,26,923600.02,,Train,,0
2012-04-27,26,911969.0,,Train,,0
2012-05-04,26,946573.29,,Train,,0
2012-05-11,26,1062548.73,,Train,,0
2012-05-18,26,978082.84,,Train,,0
2012-05-25,26,1067310.74,,Train,,0
2012-06-01,26,1015853.03,,Train,,0
2012-06-08,26,1106176.83,,Train,,0
2012-06-15,26,1029248.22,,Train,,0
2012-06-22,26,1056282.91,,Train,,0
2012-06-29,26,1051190.44,,Train,,0
2012-07-06,26,1180470.8,,Train,,0
2012-07-13,26,1063149.78,,Train,,0
2012-07-20,26,1049625.9,,Train,,0
2012-07-27,26,1031745.14,,Train,,0
2012-08-03,26,1090915.09,,Train,,0
2012-08-10,26,1121476.51,,Train,,0
2012-08-17,26,1068292.56,,Train,,0
2012-08-24,26,1022704.2,,Train,,0
2012-08-31,26,1053495.51,,Train,,0
2012-09-07,26,1081874.03,,Train,,1
2012-09-14,26,986131.94,,Train,,0
2012-09-21,26,961084.08,,Train,,0
2012-09-28,26,964726.37,,Train,,0
2012-10-05,26,1095504.26,,Train,,0
2012-10-12,26,1044639.69,,Train,,0
2012-10-19,26,975578.02,,Train,,0
2012-10-26,26,958619.8,,Train,,0
2010-02-26,27,1390934.27,,Train,,0
2010-03-05,27,1313729.72,,Train,,0
2010-03-12,27,1925113.12,,Train,,0
2010-03-19,27,1700627.97,,Train,,0
2010-03-26,27,1836714.84,,Train,,0
2010-04-02,27,2053952.97,,Train,,0
2010-04-09,27,1955814.13,,Train,,0
2010-04-16,27,1857500.96,,Train,,0
2010-04-23,27,1850205.47,,Train,,0
2010-04-30,27,1805885.04,,Train,,0
2010-05-07,27,1939458.84,,Train,,0
2010-05-14,27,1842465.78,,Train,,0
2010-05-21,27,1836595.58,,Train,,0
2010-05-28,27,1962468.67,,Train,,0
2010-06-04,27,2073102.59,,Train,,0
2010-06-11,27,1873812.93,,Train,,0
2010-06-18,27,1887182.27,,Train,,0
2010-06-25,27,1962625.01,,Train,,0
2010-07-02,27,2024554.1,,Train,,0
2010-07-09,27,2119163.01,,Train,,0
2010-07-16,27,1880691.64,,Train,,0
2010-07-23,27,1808250.71,,Train,,0
2010-07-30,27,1816489.53,,Train,,0
2010-08-06,27,1908036.68,,Train,,0
2010-08-13,27,1864436.12,,Train,,0
2010-08-20,27,1936878.46,,Train,,0
2010-08-27,27,1870684.21,,Train,,0
2010-09-03,27,1908110.9,,Train,,0
2010-09-10,27,1913494.81,,Train,,1
2010-09-17,27,1629978.46,,Train,,0
2010-09-24,27,1597002.71,,Train,,0
2010-10-01,27,1543532.83,,Train,,0
2010-10-08,27,1707662.87,,Train,,0
2010-10-15,27,1728388.2,,Train,,0
2010-10-22,27,1693935.29,,Train,,0
2010-10-29,27,1688955.49,,Train,,0
2010-11-05,27,1686010.02,,Train,,0
2010-11-12,27,1828010.25,,Train,,0
2010-11-19,27,1704785.74,,Train,,0
2010-11-26,27,2627910.75,,Train,,1
2010-12-03,27,1884343.67,,Train,,0
2010-12-10,27,2139733.68,,Train,,0
2010-12-17,27,2350098.36,,Train,,0
2010-12-24,27,3078162.08,,Train,,0
2010-12-31,27,1440963.0,,Train,,1
2011-01-07,27,1568159.48,,Train,,0
2011-01-14,27,1532308.62,,Train,,0
2011-01-21,27,1517029.9,,Train,,0
2011-01-28,27,1421111.55,,Train,,0
2011-02-04,27,1628100.79,,Train,,0
2011-02-11,27,1636224.77,,Train,,1
2011-02-18,27,1709365.19,,Train,,0
2011-02-25,27,1688935.71,,Train,,0
2011-03-04,27,1656130.67,,Train,,0
2011-03-11,27,1613259.77,,Train,,0
2011-03-18,27,1624539.21,,Train,,0
2011-03-25,27,1554651.08,,Train,,0
2011-04-01,27,1628868.28,,Train,,0
2011-04-08,27,1689844.18,,Train,,0
2011-04-15,27,1727175.61,,Train,,0
2011-04-22,27,1921655.48,,Train,,0
2011-04-29,27,1642074.64,,Train,,0
2011-05-06,27,1757041.96,,Train,,0
2011-05-13,27,1763545.32,,Train,,0
2011-05-20,27,1725268.56,,Train,,0
2011-05-27,27,1820723.17,,Train,,0
2011-06-03,27,2053708.01,,Train,,0
2011-06-10,27,1817914.71,,Train,,0
2011-06-17,27,1814740.09,,Train,,0
2011-06-24,27,1811455.15,,Train,,0
2011-07-01,27,1949983.93,,Train,,0
2011-07-08,27,2000055.27,,Train,,0
2011-07-15,27,1762155.79,,Train,,0
2011-07-22,27,1754879.45,,Train,,0
2011-07-29,27,1744879.06,,Train,,0
2011-08-05,27,1747289.53,,Train,,0
2011-08-12,27,1758437.96,,Train,,0
2011-08-19,27,1781905.24,,Train,,0
2011-08-26,27,2034400.78,,Train,,0
2011-09-02,27,1511717.53,,Train,,0
2011-09-09,27,1911470.84,,Train,,1
2011-09-16,27,1613773.9,,Train,,0
2011-09-23,27,1606208.68,,Train,,0
2011-09-30,27,1599626.26,,Train,,0
2011-10-07,27,1672339.27,,Train,,0
2011-10-14,27,1682652.51,,Train,,0
2011-10-21,27,1689591.44,,Train,,0
2011-10-28,27,1710372.4,,Train,,0
2011-11-04,27,1621109.3,,Train,,0
2011-11-11,27,1800728.07,,Train,,0
2011-11-18,27,1723739.44,,Train,,0
2011-11-25,27,2504400.71,,Train,,1
2011-12-02,27,1806924.74,,Train,,0
2011-12-09,27,2014665.98,,Train,,0
2011-12-16,27,2205919.86,,Train,,0
2011-12-23,27,2739019.75,,Train,,0
2011-12-30,27,1650604.6,,Train,,1
2012-01-06,27,1535287.4,,Train,,0
2012-01-13,27,1492399.13,,Train,,0
2012-01-20,27,1542131.05,,Train,,0
2012-01-27,27,1263534.86,,Train,,0
2012-02-03,27,1564246.02,,Train,,0
2012-02-10,27,1651605.35,,Train,,1
2012-02-17,27,1606221.56,,Train,,0
2012-02-24,27,1648602.39,,Train,,0
2012-03-02,27,1509323.09,,Train,,0
2012-03-09,27,1607343.41,,Train,,0
2012-03-16,27,1635984.07,,Train,,0
2012-03-23,27,1620839.34,,Train,,0
2012-03-30,27,1615494.14,,Train,,0
2012-04-06,27,1899013.34,,Train,,0
2012-04-13,27,1650405.21,,Train,,0
2012-04-20,27,1639999.47,,Train,,0
2012-04-27,27,1565498.84,,Train,,0
2012-05-04,27,1669388.45,,Train,,0
2012-05-11,27,1674306.31,,Train,,0
2012-05-18,27,1707158.82,,Train,,0
2012-05-25,27,1818906.73,,Train,,0
2012-06-01,27,1900638.6,,Train,,0
2012-06-08,27,1764756.31,,Train,,0
2012-06-15,27,1773500.56,,Train,,0
2012-06-22,27,1837884.79,,Train,,0
2012-06-29,27,1842555.32,,Train,,0
2012-07-06,27,2062224.92,,Train,,0
2012-07-13,27,1755889.53,,Train,,0
2012-07-20,27,1730913.66,,Train,,0
2012-07-27,27,1625883.71,,Train,,0
2012-08-03,27,1705810.84,,Train,,0
2012-08-10,27,1720537.26,,Train,,0
2012-08-17,27,1735339.59,,Train,,0
2012-08-24,27,1780443.36,,Train,,0
2012-08-31,27,1731935.43,,Train,,0
2012-09-07,27,1840955.23,,Train,,1
2012-09-14,27,1519604.5,,Train,,0
2012-09-21,27,1557485.75,,Train,,0
2012-09-28,27,1540687.63,,Train,,0
2012-10-05,27,1591816.88,,Train,,0
2012-10-12,27,1660081.29,,Train,,0
2012-10-19,27,1620374.24,,Train,,0
2012-10-26,27,1703047.74,,Train,,0
2010-02-26,28,1542173.33,,Train,,0
2010-03-05,28,1608435.45,,Train,,0
2010-03-12,28,1326877.11,,Train,,0
2010-03-19,28,1279819.43,,Train,,0
2010-03-26,28,1245268.77,,Train,,0
2010-04-02,28,1441559.4,,Train,,0
2010-04-09,28,1382359.21,,Train,,0
2010-04-16,28,1268240.66,,Train,,0
2010-04-23,28,1244177.21,,Train,,0
2010-04-30,28,1186971.02,,Train,,0
2010-05-07,28,1532893.22,,Train,,0
2010-05-14,28,1245898.73,,Train,,0
2010-05-21,28,1217923.71,,Train,,0
2010-05-28,28,1176588.25,,Train,,0
2010-06-04,28,1543678.02,,Train,,0
2010-06-11,28,1348995.17,,Train,,0
2010-06-18,28,1267619.06,,Train,,0
2010-06-25,28,1231025.07,,Train,,0
2010-07-02,28,1399960.15,,Train,,0
2010-07-09,28,1340293.87,,Train,,0
2010-07-16,28,1225336.41,,Train,,0
2010-07-23,28,1205884.98,,Train,,0
2010-07-30,28,1150204.71,,Train,,0
2010-08-06,28,1523101.38,,Train,,0
2010-08-13,28,1218688.09,,Train,,0
2010-08-20,28,1195897.6,,Train,,0
2010-08-27,28,1191585.92,,Train,,0
2010-09-03,28,1523410.71,,Train,,0
2010-09-10,28,1246062.17,,Train,,1
2010-09-17,28,1159812.35,,Train,,0
2010-09-24,28,1111797.21,,Train,,0
2010-10-01,28,1203080.41,,Train,,0
2010-10-08,28,1334571.87,,Train,,0
2010-10-15,28,1158062.99,,Train,,0
2010-10-22,28,1120619.32,,Train,,0
2010-10-29,28,1231688.48,,Train,,0
2010-11-05,28,1501663.26,,Train,,0
2010-11-12,28,1266460.45,,Train,,0
2010-11-19,28,1179315.72,,Train,,0
2010-11-26,28,1937033.5,,Train,,1
2010-12-03,28,1447916.29,,Train,,0
2010-12-10,28,1466164.49,,Train,,0
2010-12-17,28,1510443.62,,Train,,0
2010-12-24,28,2026026.39,,Train,,0
2010-12-31,28,1090558.57,,Train,,1
2011-01-07,28,1402902.47,,Train,,0
2011-01-14,28,1098286.61,,Train,,0
2011-01-21,28,1079669.11,,Train,,0
2011-01-28,28,1127859.69,,Train,,0
2011-02-04,28,1564897.32,,Train,,0
2011-02-11,28,1397301.38,,Train,,1
2011-02-18,28,1514828.82,,Train,,0
2011-02-25,28,1311796.91,,Train,,0
2011-03-04,28,1723736.91,,Train,,0
2011-03-11,28,1380836.35,,Train,,0
2011-03-18,28,1286413.71,,Train,,0
2011-03-25,28,1201059.72,,Train,,0
2011-04-01,28,1336838.41,,Train,,0
2011-04-08,28,1414713.5,,Train,,0
2011-04-15,28,1240126.07,,Train,,0
2011-04-22,28,1297452.0,,Train,,0
2011-04-29,28,1222367.9,,Train,,0
2011-05-06,28,1515890.38,,Train,,0
2011-05-13,28,1253316.3,,Train,,0
2011-05-20,28,1151282.31,,Train,,0
2011-05-27,28,1160043.98,,Train,,0
2011-06-03,28,1403779.25,,Train,,0
2011-06-10,28,1339972.83,,Train,,0
2011-06-17,28,1268503.49,,Train,,0
2011-06-24,28,1208809.34,,Train,,0
2011-07-01,28,1319054.57,,Train,,0
2011-07-08,28,1459655.85,,Train,,0
2011-07-15,28,1197373.13,,Train,,0
2011-07-22,28,1165870.54,,Train,,0
2011-07-29,28,1114530.29,,Train,,0
2011-08-05,28,1523870.89,,Train,,0
2011-08-12,28,1218764.94,,Train,,0
2011-08-19,28,1200019.74,,Train,,0
2011-08-26,28,1166479.51,,Train,,0
2011-09-02,28,1468871.49,,Train,,0
2011-09-09,28,1310087.0,,Train,,1
2011-09-16,28,1159212.1,,Train,,0
2011-09-23,28,1109105.92,,Train,,0
2011-09-30,28,1120731.76,,Train,,0
2011-10-07,28,1557314.58,,Train,,0
2011-10-14,28,1220984.94,,Train,,0
2011-10-21,28,1203172.05,,Train,,0
2011-10-28,28,1242746.06,,Train,,0
2011-11-04,28,1576654.67,,Train,,0
2011-11-11,28,1402654.95,,Train,,0
2011-11-18,28,1255081.22,,Train,,0
2011-11-25,28,1929738.27,,Train,,1
2011-12-02,28,1368130.35,,Train,,0
2011-12-09,28,1467024.3,,Train,,0
2011-12-16,28,1429954.66,,Train,,0
2011-12-23,28,1796203.51,,Train,,0
2011-12-30,28,1270036.53,,Train,,1
2012-01-06,28,1466046.07,,Train,,0
2012-01-13,28,1161190.29,,Train,,0
2012-01-20,28,1129540.48,,Train,,0
2012-01-27,28,1132948.48,,Train,,0
2012-02-03,28,1531599.44,,Train,,0
2012-02-10,28,1572966.15,,Train,,1
2012-02-17,28,1501503.68,,Train,,0
2012-02-24,28,1323487.91,,Train,,0
2012-03-02,28,1451740.57,,Train,,0
2012-03-09,28,1680764.06,,Train,,0
2012-03-16,28,1337875.49,,Train,,0
2012-03-23,28,1216059.41,,Train,,0
2012-03-30,28,1209524.11,,Train,,0
2012-04-06,28,1559592.79,,Train,,0
2012-04-13,28,1290684.95,,Train,,0
2012-04-20,28,1180797.2,,Train,,0
2012-04-27,28,1170456.16,,Train,,0
2012-05-04,28,1450628.85,,Train,,0
2012-05-11,28,1264575.18,,Train,,0
2012-05-18,28,1213310.45,,Train,,0
2012-05-25,28,1151214.41,,Train,,0
2012-06-01,28,1245480.95,,Train,,0
2012-06-08,28,1440687.69,,Train,,0
2012-06-15,28,1229760.97,,Train,,0
2012-06-22,28,1180671.55,,Train,,0
2012-06-29,28,1129031.98,,Train,,0
2012-07-06,28,1500863.54,,Train,,0
2012-07-13,28,1179915.04,,Train,,0
2012-07-20,28,1149427.48,,Train,,0
2012-07-27,28,1135035.09,,Train,,0
2012-08-03,28,1376520.1,,Train,,0
2012-08-10,28,1269113.41,,Train,,0
2012-08-17,28,1184198.41,,Train,,0
2012-08-24,28,1199309.59,,Train,,0
2012-08-31,28,1227118.75,,Train,,0
2012-09-07,28,1469693.99,,Train,,1
2012-09-14,28,1124660.77,,Train,,0
2012-09-21,28,1135340.19,,Train,,0
2012-09-28,28,1129508.61,,Train,,0
2012-10-05,28,1462941.03,,Train,,0
2012-10-12,28,1205536.71,,Train,,0
2012-10-19,28,1143724.48,,Train,,0
2012-10-26,28,1213860.61,,Train,,0
2010-02-26,29,488417.61,,Train,,0
2010-03-05,29,535087.91,,Train,,0
2010-03-12,29,519042.49,,Train,,0
2010-03-19,29,496851.6,,Train,,0
2010-03-26,29,552985.34,,Train,,0
2010-04-02,29,599629.25,,Train,,0
2010-04-09,29,569937.23,,Train,,0
2010-04-16,29,509100.84,,Train,,0
2010-04-23,29,505329.66,,Train,,0
2010-04-30,29,501013.47,,Train,,0
2010-05-07,29,568497.35,,Train,,0
2010-05-14,29,518940.88,,Train,,0
2010-05-21,29,502021.82,,Train,,0
2010-05-28,29,577627.66,,Train,,0
2010-06-04,29,588017.66,,Train,,0
2010-06-11,29,540716.58,,Train,,0
2010-06-18,29,558731.74,,Train,,0
2010-06-25,29,585548.79,,Train,,0
2010-07-02,29,581473.55,,Train,,0
2010-07-09,29,563449.43,,Train,,0
2010-07-16,29,512292.01,,Train,,0
2010-07-23,29,506502.09,,Train,,0
2010-07-30,29,509872.77,,Train,,0
2010-08-06,29,519787.93,,Train,,0
2010-08-13,29,495269.0,,Train,,0
2010-08-20,29,531640.19,,Train,,0
2010-08-27,29,545766.13,,Train,,0
2010-09-03,29,579272.38,,Train,,0
2010-09-10,29,491290.37,,Train,,1
2010-09-17,29,463752.89,,Train,,0
2010-09-24,29,465338.41,,Train,,0
2010-10-01,29,474698.01,,Train,,0
2010-10-08,29,530059.06,,Train,,0
2010-10-15,29,483011.69,,Train,,0
2010-10-22,29,505221.17,,Train,,0
2010-10-29,29,527058.59,,Train,,0
2010-11-05,29,521002.97,,Train,,0
2010-11-12,29,524450.7,,Train,,0
2010-11-19,29,508174.55,,Train,,0
2010-11-26,29,975268.91,,Train,,1
2010-12-03,29,642678.53,,Train,,0
2010-12-10,29,713834.74,,Train,,0
2010-12-17,29,850538.25,,Train,,0
2010-12-24,29,1130926.79,,Train,,0
2010-12-31,29,465992.02,,Train,,1
2011-01-07,29,455952.18,,Train,,0
2011-01-14,29,426905.26,,Train,,0
2011-01-21,29,445134.15,,Train,,0
2011-01-28,29,410426.97,,Train,,0
2011-02-04,29,504126.89,,Train,,0
2011-02-11,29,550387.78,,Train,,1
2011-02-18,29,542529.21,,Train,,0
2011-02-25,29,483660.15,,Train,,0
2011-03-04,29,536031.67,,Train,,0
2011-03-11,29,493430.45,,Train,,0
2011-03-18,29,493653.43,,Train,,0
2011-03-25,29,478773.05,,Train,,0
2011-04-01,29,475615.26,,Train,,0
2011-04-08,29,505304.33,,Train,,0
2011-04-15,29,518245.97,,Train,,0
2011-04-22,29,589252.69,,Train,,0
2011-04-29,29,493078.64,,Train,,0
2011-05-06,29,534372.53,,Train,,0
2011-05-13,29,549551.02,,Train,,0
2011-05-20,29,492932.51,,Train,,0
2011-05-27,29,550735.64,,Train,,0
2011-06-03,29,598251.57,,Train,,0
2011-06-10,29,558431.44,,Train,,0
2011-06-17,29,536914.17,,Train,,0
2011-06-24,29,545368.17,,Train,,0
2011-07-01,29,567114.6,,Train,,0
2011-07-08,29,547586.07,,Train,,0
2011-07-15,29,505246.15,,Train,,0
2011-07-22,29,507335.75,,Train,,0
2011-07-29,29,474653.06,,Train,,0
2011-08-05,29,503486.37,,Train,,0
2011-08-12,29,471311.5,,Train,,0
2011-08-19,29,498056.0,,Train,,0
2011-08-26,29,608294.98,,Train,,0
2011-09-02,29,497085.91,,Train,,0
2011-09-09,29,505406.72,,Train,,1
2011-09-16,29,474129.35,,Train,,0
2011-09-23,29,475696.37,,Train,,0
2011-09-30,29,446516.26,,Train,,0
2011-10-07,29,514993.0,,Train,,0
2011-10-14,29,475776.45,,Train,,0
2011-10-21,29,505068.22,,Train,,0
2011-10-28,29,515119.64,,Train,,0
2011-11-04,29,620735.72,,Train,,0
2011-11-11,29,531600.62,,Train,,0
2011-11-18,29,504601.29,,Train,,0
2011-11-25,29,913165.19,,Train,,1
2011-12-02,29,579874.22,,Train,,0
2011-12-09,29,633240.53,,Train,,0
2011-12-16,29,736805.66,,Train,,0
2011-12-23,29,1016637.39,,Train,,0
2011-12-30,29,551743.05,,Train,,1
2012-01-06,29,469773.85,,Train,,0
2012-01-13,29,444756.37,,Train,,0
2012-01-20,29,446863.31,,Train,,0
2012-01-27,29,395987.24,,Train,,0
2012-02-03,29,493159.35,,Train,,0
2012-02-10,29,545840.05,,Train,,1
2012-02-17,29,559606.91,,Train,,0
2012-02-24,29,488782.63,,Train,,0
2012-03-02,29,500801.72,,Train,,0
2012-03-09,29,504750.35,,Train,,0
2012-03-16,29,489293.72,,Train,,0
2012-03-23,29,517408.48,,Train,,0
2012-03-30,29,504566.28,,Train,,0
2012-04-06,29,633826.55,,Train,,0
2012-04-13,29,520493.83,,Train,,0
2012-04-20,29,525200.59,,Train,,0
2012-04-27,29,497250.22,,Train,,0
2012-05-04,29,504963.84,,Train,,0
2012-05-11,29,529707.87,,Train,,0
2012-05-18,29,543706.04,,Train,,0
2012-05-25,29,549665.67,,Train,,0
2012-06-01,29,576252.35,,Train,,0
2012-06-08,29,554093.15,,Train,,0
2012-06-15,29,552338.76,,Train,,0
2012-06-22,29,581854.5,,Train,,0
2012-06-29,29,555954.13,,Train,,0
2012-07-06,29,578832.41,,Train,,0
2012-07-13,29,514709.76,,Train,,0
2012-07-20,29,506705.36,,Train,,0
2012-07-27,29,475158.24,,Train,,0
2012-08-03,29,504754.74,,Train,,0
2012-08-10,29,518628.42,,Train,,0
2012-08-17,29,416881.66,,Train,,0
2012-08-24,29,615026.15,,Train,,0
2012-08-31,29,545844.91,,Train,,0
2012-09-07,29,540811.85,,Train,,1
2012-09-14,29,475127.18,,Train,,0
2012-09-21,29,489079.23,,Train,,0
2012-09-28,29,489674.23,,Train,,0
2012-10-05,29,520632.8,,Train,,0
2012-10-12,29,513737.0,,Train,,0
2012-10-19,29,516909.24,,Train,,0
2012-10-26,29,534970.68,,Train,,0
2010-02-26,30,472330.71,,Train,,0
2010-03-05,30,472591.07,,Train,,0
2010-03-12,30,468189.93,,Train,,0
2010-03-19,30,445736.36,,Train,,0
2010-03-26,30,442457.35,,Train,,0
2010-04-02,30,457884.06,,Train,,0
2010-04-09,30,454800.96,,Train,,0
2010-04-16,30,471054.16,,Train,,0
2010-04-23,30,462454.39,,Train,,0
2010-04-30,30,456140.34,,Train,,0
2010-05-07,30,457883.94,,Train,,0
2010-05-14,30,461868.09,,Train,,0
2010-05-21,30,455751.84,,Train,,0
2010-05-28,30,462474.16,,Train,,0
2010-06-04,30,458343.7,,Train,,0
2010-06-11,30,445530.16,,Train,,0
2010-06-18,30,447727.52,,Train,,0
2010-06-25,30,453210.24,,Train,,0
2010-07-02,30,450337.47,,Train,,0
2010-07-09,30,436293.4,,Train,,0
2010-07-16,30,438068.71,,Train,,0
2010-07-23,30,440491.33,,Train,,0
2010-07-30,30,437893.76,,Train,,0
2010-08-06,30,441407.06,,Train,,0
2010-08-13,30,444160.07,,Train,,0
2010-08-20,30,447139.8,,Train,,0
2010-08-27,30,443810.78,,Train,,0
2010-09-03,30,461548.98,,Train,,0
2010-09-10,30,455162.92,,Train,,1
2010-09-17,30,462058.19,,Train,,0
2010-09-24,30,448392.17,,Train,,0
2010-10-01,30,445475.3,,Train,,0
2010-10-08,30,462080.47,,Train,,0
2010-10-15,30,453943.89,,Train,,0
2010-10-22,30,459631.74,,Train,,0
2010-10-29,30,438334.39,,Train,,0
2010-11-05,30,484661.87,,Train,,0
2010-11-12,30,431266.64,,Train,,0
2010-11-19,30,423707.69,,Train,,0
2010-11-26,30,462732.36,,Train,,1
2010-12-03,30,407112.22,,Train,,0
2010-12-10,30,428631.91,,Train,,0
2010-12-17,30,445332.28,,Train,,0
2010-12-24,30,519354.88,,Train,,0
2010-12-31,30,397631.02,,Train,,1
2011-01-07,30,451077.21,,Train,,0
2011-01-14,30,465408.72,,Train,,0
2011-01-21,30,439132.62,,Train,,0
2011-01-28,30,425989.04,,Train,,0
2011-02-04,30,490970.95,,Train,,0
2011-02-11,30,470921.24,,Train,,1
2011-02-18,30,417070.51,,Train,,0
2011-02-25,30,432687.97,,Train,,0
2011-03-04,30,443334.71,,Train,,0
2011-03-11,30,438529.81,,Train,,0
2011-03-18,30,425470.84,,Train,,0
2011-03-25,30,431754.01,,Train,,0
2011-04-01,30,437926.79,,Train,,0
2011-04-08,30,443889.5,,Train,,0
2011-04-15,30,426666.92,,Train,,0
2011-04-22,30,445358.73,,Train,,0
2011-04-29,30,423687.2,,Train,,0
2011-05-06,30,438789.52,,Train,,0
2011-05-13,30,424614.59,,Train,,0
2011-05-20,30,435102.2,,Train,,0
2011-05-27,30,429305.82,,Train,,0
2011-06-03,30,432808.48,,Train,,0
2011-06-10,30,424697.05,,Train,,0
2011-06-17,30,435481.03,,Train,,0
2011-06-24,30,422715.74,,Train,,0
2011-07-01,30,428782.38,,Train,,0
2011-07-08,30,419764.37,,Train,,0
2011-07-15,30,420515.63,,Train,,0
2011-07-22,30,423441.76,,Train,,0
2011-07-29,30,414245.96,,Train,,0
2011-08-05,30,431798.64,,Train,,0
2011-08-12,30,412224.67,,Train,,0
2011-08-19,30,414450.61,,Train,,0
2011-08-26,30,387944.83,,Train,,0
2011-09-02,30,369722.32,,Train,,0
2011-09-09,30,370897.82,,Train,,1
2011-09-16,30,382914.66,,Train,,0
2011-09-23,30,391837.56,,Train,,0
2011-09-30,30,387001.13,,Train,,0
2011-10-07,30,417528.26,,Train,,0
2011-10-14,30,410711.99,,Train,,0
2011-10-21,30,428958.53,,Train,,0
2011-10-28,30,426151.88,,Train,,0
2011-11-04,30,432359.04,,Train,,0
2011-11-11,30,409686.63,,Train,,0
2011-11-18,30,436462.63,,Train,,0
2011-11-25,30,452163.93,,Train,,1
2011-12-02,30,412385.75,,Train,,0
2011-12-09,30,436741.02,,Train,,0
2011-12-16,30,441265.08,,Train,,0
2011-12-23,30,492022.68,,Train,,0
2011-12-30,30,376777.45,,Train,,1
2012-01-06,30,457030.86,,Train,,0
2012-01-13,30,447023.91,,Train,,0
2012-01-20,30,438760.62,,Train,,0
2012-01-27,30,433037.66,,Train,,0
2012-02-03,30,434080.74,,Train,,0
2012-02-10,30,451365.99,,Train,,1
2012-02-17,30,435109.11,,Train,,0
2012-02-24,30,425215.71,,Train,,0
2012-03-02,30,438640.61,,Train,,0
2012-03-09,30,446617.89,,Train,,0
2012-03-16,30,413617.45,,Train,,0
2012-03-23,30,430222.97,,Train,,0
2012-03-30,30,449603.91,,Train,,0
2012-04-06,30,461511.92,,Train,,0
2012-04-13,30,428784.7,,Train,,0
2012-04-20,30,462909.41,,Train,,0
2012-04-27,30,433744.83,,Train,,0
2012-05-04,30,454477.54,,Train,,0
2012-05-11,30,436070.45,,Train,,0
2012-05-18,30,460945.14,,Train,,0
2012-05-25,30,449355.91,,Train,,0
2012-06-01,30,427021.18,,Train,,0
2012-06-08,30,437222.94,,Train,,0
2012-06-15,30,438523.24,,Train,,0
2012-06-22,30,428554.63,,Train,,0
2012-06-29,30,423192.4,,Train,,0
2012-07-06,30,440553.42,,Train,,0
2012-07-13,30,417640.34,,Train,,0
2012-07-20,30,427491.04,,Train,,0
2012-07-27,30,424581.17,,Train,,0
2012-08-03,30,425136.55,,Train,,0
2012-08-10,30,430878.28,,Train,,0
2012-08-17,30,423351.15,,Train,,0
2012-08-24,30,425296.65,,Train,,0
2012-08-31,30,439132.5,,Train,,0
2012-09-07,30,433565.77,,Train,,1
2012-09-14,30,437773.31,,Train,,0
2012-09-21,30,443891.64,,Train,,0
2012-09-28,30,425410.04,,Train,,0
2012-10-05,30,446751.45,,Train,,0
2012-10-12,30,434593.26,,Train,,0
2012-10-19,30,437537.29,,Train,,0
2012-10-26,30,439424.5,,Train,,0
2010-02-26,31,1344354.41,,Train,,0
2010-03-05,31,1384870.51,,Train,,0
2010-03-12,31,1366193.35,,Train,,0
2010-03-19,31,1332261.01,,Train,,0
2010-03-26,31,1229635.7,,Train,,0
2010-04-02,31,1357600.68,,Train,,0
2010-04-09,31,1395710.09,,Train,,0
2010-04-16,31,1367448.28,,Train,,0
2010-04-23,31,1280465.8,,Train,,0
2010-04-30,31,1243200.24,,Train,,0
2010-05-07,31,1381796.8,,Train,,0
2010-05-14,31,1287288.59,,Train,,0
2010-05-21,31,1337405.6,,Train,,0
2010-05-28,31,1309437.17,,Train,,0
2010-06-04,31,1427624.5,,Train,,0
2010-06-11,31,1377092.33,,Train,,0
2010-06-18,31,1368090.08,,Train,,0
2010-06-25,31,1303523.73,,Train,,0
2010-07-02,31,1311704.92,,Train,,0
2010-07-09,31,1315118.4,,Train,,0
2010-07-16,31,1335433.72,,Train,,0
2010-07-23,31,1276031.84,,Train,,0
2010-07-30,31,1231993.14,,Train,,0
2010-08-06,31,1352401.08,,Train,,0
2010-08-13,31,1327719.34,,Train,,0
2010-08-20,31,1376571.21,,Train,,0
2010-08-27,31,1326621.98,,Train,,0
2010-09-03,31,1302047.48,,Train,,0
2010-09-10,31,1308179.02,,Train,,1
2010-09-17,31,1294105.01,,Train,,0
2010-09-24,31,1230250.25,,Train,,0
2010-10-01,31,1213981.64,,Train,,0
2010-10-08,31,1300131.68,,Train,,0
2010-10-15,31,1265852.43,,Train,,0
2010-10-22,31,1262289.29,,Train,,0
2010-10-29,31,1257921.28,,Train,,0
2010-11-05,31,1324455.72,,Train,,0
2010-11-12,31,1352780.76,,Train,,0
2010-11-19,31,1359158.57,,Train,,0
2010-11-26,31,1858856.06,,Train,,1
2010-12-03,31,1338716.37,,Train,,0
2010-12-10,31,1475685.1,,Train,,0
2010-12-17,31,1714667.0,,Train,,0
2010-12-24,31,2068942.97,,Train,,0
2010-12-31,31,1198071.6,,Train,,1
2011-01-07,31,1311986.87,,Train,,0
2011-01-14,31,1350730.31,,Train,,0
2011-01-21,31,1344167.13,,Train,,0
2011-01-28,31,1254955.68,,Train,,0
2011-02-04,31,1443206.46,,Train,,0
2011-02-11,31,1539230.32,,Train,,1
2011-02-18,31,1539063.91,,Train,,0
2011-02-25,31,1365678.22,,Train,,0
2011-03-04,31,1412721.18,,Train,,0
2011-03-11,31,1405572.93,,Train,,0
2011-03-18,31,1425559.02,,Train,,0
2011-03-25,31,1357036.1,,Train,,0
2011-04-01,31,1344890.73,,Train,,0
2011-04-08,31,1416790.17,,Train,,0
2011-04-15,31,1408464.08,,Train,,0
2011-04-22,31,1461393.91,,Train,,0
2011-04-29,31,1331137.96,,Train,,0
2011-05-06,31,1388755.61,,Train,,0
2011-05-13,31,1408118.22,,Train,,0
2011-05-20,31,1387365.19,,Train,,0
2011-05-27,31,1342273.64,,Train,,0
2011-06-03,31,1430348.1,,Train,,0
2011-06-10,31,1425299.37,,Train,,0
2011-06-17,31,1491039.14,,Train,,0
2011-06-24,31,1375962.46,,Train,,0
2011-07-01,31,1371889.27,,Train,,0
2011-07-08,31,1423144.47,,Train,,0
2011-07-15,31,1415473.91,,Train,,0
2011-07-22,31,1401944.8,,Train,,0
2011-07-29,31,1308122.15,,Train,,0
2011-08-05,31,1428993.33,,Train,,0
2011-08-12,31,1443311.49,,Train,,0
2011-08-19,31,1487542.53,,Train,,0
2011-08-26,31,1417267.07,,Train,,0
2011-09-02,31,1385769.03,,Train,,0
2011-09-09,31,1376670.27,,Train,,1
2011-09-16,31,1363460.86,,Train,,0
2011-09-23,31,1347607.74,,Train,,0
2011-09-30,31,1285534.74,,Train,,0
2011-10-07,31,1427383.24,,Train,,0
2011-10-14,31,1378340.18,,Train,,0
2011-10-21,31,1409310.4,,Train,,0
2011-10-28,31,1346862.72,,Train,,0
2011-11-04,31,1426405.46,,Train,,0
2011-11-11,31,1444783.64,,Train,,0
2011-11-18,31,1445174.79,,Train,,0
2011-11-25,31,1934099.65,,Train,,1
2011-12-02,31,1388809.43,,Train,,0
2011-12-09,31,1556798.94,,Train,,0
2011-12-16,31,1611196.61,,Train,,0
2011-12-23,31,2026176.14,,Train,,0
2011-12-30,31,1355405.95,,Train,,1
2012-01-06,31,1401232.52,,Train,,0
2012-01-13,31,1377485.12,,Train,,0
2012-01-20,31,1372504.9,,Train,,0
2012-01-27,31,1259941.48,,Train,,0
2012-02-03,31,1391479.91,,Train,,0
2012-02-10,31,1527688.58,,Train,,1
2012-02-17,31,1570813.52,,Train,,0
2012-02-24,31,1392543.37,,Train,,0
2012-03-02,31,1427881.22,,Train,,0
2012-03-09,31,1439034.86,,Train,,0
2012-03-16,31,1481728.13,,Train,,0
2012-03-23,31,1365824.97,,Train,,0
2012-03-30,31,1318854.22,,Train,,0
2012-04-06,31,1496169.81,,Train,,0
2012-04-13,31,1407842.91,,Train,,0
2012-04-20,31,1407036.59,,Train,,0
2012-04-27,31,1311352.25,,Train,,0
2012-05-04,31,1391257.28,,Train,,0
2012-05-11,31,1392938.06,,Train,,0
2012-05-18,31,1441473.82,,Train,,0
2012-05-25,31,1397094.26,,Train,,0
2012-06-01,31,1404516.29,,Train,,0
2012-06-08,31,1443285.79,,Train,,0
2012-06-15,31,1431003.43,,Train,,0
2012-06-22,31,1394065.76,,Train,,0
2012-06-29,31,1349202.25,,Train,,0
2012-07-06,31,1458059.42,,Train,,0
2012-07-13,31,1374301.34,,Train,,0
2012-07-20,31,1392395.2,,Train,,0
2012-07-27,31,1303732.36,,Train,,0
2012-08-03,31,1390174.63,,Train,,0
2012-08-10,31,1386472.59,,Train,,0
2012-08-17,31,1410181.7,,Train,,0
2012-08-24,31,1379783.21,,Train,,0
2012-08-31,31,1373651.49,,Train,,0
2012-09-07,31,1358111.62,,Train,,1
2012-09-14,31,1327705.44,,Train,,0
2012-09-21,31,1373064.87,,Train,,0
2012-09-28,31,1279080.58,,Train,,0
2012-10-05,31,1363365.05,,Train,,0
2012-10-12,31,1401113.42,,Train,,0
2012-10-19,31,1378730.45,,Train,,0
2012-10-26,31,1340232.55,,Train,,0
2010-02-26,32,1053247.1,,Train,,0
2010-03-05,32,1066566.74,,Train,,0
2010-03-12,32,1093319.37,,Train,,0
2010-03-19,32,1059781.78,,Train,,0
2010-03-26,32,1076021.58,,Train,,0
2010-04-02,32,1131732.94,,Train,,0
2010-04-09,32,1095889.22,,Train,,0
2010-04-16,32,1082763.27,,Train,,0
2010-04-23,32,1072474.8,,Train,,0
2010-04-30,32,1066792.63,,Train,,0
2010-05-07,32,1133657.58,,Train,,0
2010-05-14,32,1079314.52,,Train,,0
2010-05-21,32,1143819.35,,Train,,0
2010-05-28,32,1205662.85,,Train,,0
2010-06-04,32,1149234.96,,Train,,0
2010-06-11,32,1192074.09,,Train,,0
2010-06-18,32,1150191.72,,Train,,0
2010-06-25,32,1124763.74,,Train,,0
2010-07-02,32,1187988.64,,Train,,0
2010-07-09,32,1077253.67,,Train,,0
2010-07-16,32,1120172.24,,Train,,0
2010-07-23,32,1109574.11,,Train,,0
2010-07-30,32,1065350.56,,Train,,0
2010-08-06,32,1144552.09,,Train,,0
2010-08-13,32,1157975.68,,Train,,0
2010-08-20,32,1189887.86,,Train,,0
2010-08-27,32,1140501.03,,Train,,0
2010-09-03,32,1095932.51,,Train,,0
2010-09-10,32,1028635.39,,Train,,1
2010-09-17,32,1043962.36,,Train,,0
2010-09-24,32,1067432.1,,Train,,0
2010-10-01,32,1061089.56,,Train,,0
2010-10-08,32,1085483.44,,Train,,0
2010-10-15,32,1096692.88,,Train,,0
2010-10-22,32,1102185.0,,Train,,0
2010-10-29,32,1115138.51,,Train,,0
2010-11-05,32,1063056.21,,Train,,0
2010-11-12,32,1141019.11,,Train,,0
2010-11-19,32,1150729.89,,Train,,0
2010-11-26,32,1634635.86,,Train,,1
2010-12-03,32,1200892.56,,Train,,0
2010-12-10,32,1377322.73,,Train,,0
2010-12-17,32,1557776.1,,Train,,0
2010-12-24,32,1949183.14,,Train,,0
2010-12-31,32,955463.84,,Train,,1
2011-01-07,32,1046416.17,,Train,,0
2011-01-14,32,1028206.51,,Train,,0
2011-01-21,32,1078348.91,,Train,,0
2011-01-28,32,1006814.85,,Train,,0
2011-02-04,32,1070457.8,,Train,,0
2011-02-11,32,1124357.2,,Train,,1
2011-02-18,32,1183528.58,,Train,,0
2011-02-25,32,1054754.67,,Train,,0
2011-03-04,32,1106847.62,,Train,,0
2011-03-11,32,1101458.21,,Train,,0
2011-03-18,32,1100765.5,,Train,,0
2011-03-25,32,1068719.22,,Train,,0
2011-04-01,32,1051121.02,,Train,,0
2011-04-08,32,1102975.59,,Train,,0
2011-04-15,32,1120508.14,,Train,,0
2011-04-22,32,1210602.91,,Train,,0
2011-04-29,32,1107494.55,,Train,,0
2011-05-06,32,1181793.55,,Train,,0
2011-05-13,32,1138162.76,,Train,,0
2011-05-20,32,1145084.76,,Train,,0
2011-05-27,32,1175447.49,,Train,,0
2011-06-03,32,1167757.0,,Train,,0
2011-06-10,32,1239741.34,,Train,,0
2011-06-17,32,1192031.38,,Train,,0
2011-06-24,32,1163869.52,,Train,,0
2011-07-01,32,1199845.29,,Train,,0
2011-07-08,32,1110244.52,,Train,,0
2011-07-15,32,1144254.26,,Train,,0
2011-07-22,32,1185674.48,,Train,,0
2011-07-29,32,1169988.62,,Train,,0
2011-08-05,32,1201694.14,,Train,,0
2011-08-12,32,1206795.74,,Train,,0
2011-08-19,32,1221318.17,,Train,,0
2011-08-26,32,1183740.91,,Train,,0
2011-09-02,32,1152117.5,,Train,,0
2011-09-09,32,1128237.3,,Train,,1
2011-09-16,32,1142499.25,,Train,,0
2011-09-23,32,1116140.29,,Train,,0
2011-09-30,32,1088943.98,,Train,,0
2011-10-07,32,1149448.02,,Train,,0
2011-10-14,32,1175420.26,,Train,,0
2011-10-21,32,1151258.74,,Train,,0
2011-10-28,32,1185391.96,,Train,,0
2011-11-04,32,1204628.28,,Train,,0
2011-11-11,32,1182733.0,,Train,,0
2011-11-18,32,1181651.55,,Train,,0
2011-11-25,32,1684468.66,,Train,,1
2011-12-02,32,1179773.88,,Train,,0
2011-12-09,32,1415746.91,,Train,,0
2011-12-16,32,1556017.91,,Train,,0
2011-12-23,32,1959526.96,,Train,,0
2011-12-30,32,1102367.65,,Train,,1
2012-01-06,32,1099937.25,,Train,,0
2012-01-13,32,1071598.36,,Train,,0
2012-01-20,32,1080012.04,,Train,,0
2012-01-27,32,1051864.6,,Train,,0
2012-02-03,32,1156826.31,,Train,,0
2012-02-10,32,1129422.86,,Train,,1
2012-02-17,32,1243812.59,,Train,,0
2012-02-24,32,1091822.72,,Train,,0
2012-03-02,32,1153332.89,,Train,,0
2012-03-09,32,1124537.97,,Train,,0
2012-03-16,32,1138101.18,,Train,,0
2012-03-23,32,1146632.46,,Train,,0
2012-03-30,32,1108686.87,,Train,,0
2012-04-06,32,1270577.01,,Train,,0
2012-04-13,32,1171834.47,,Train,,0
2012-04-20,32,1121405.91,,Train,,0
2012-04-27,32,1126962.44,,Train,,0
2012-05-04,32,1187384.53,,Train,,0
2012-05-11,32,1187051.07,,Train,,0
2012-05-18,32,1177539.71,,Train,,0
2012-05-25,32,1232784.22,,Train,,0
2012-06-01,32,1157557.79,,Train,,0
2012-06-08,32,1246322.44,,Train,,0
2012-06-15,32,1234759.54,,Train,,0
2012-06-22,32,1196880.11,,Train,,0
2012-06-29,32,1178211.81,,Train,,0
2012-07-06,32,1214183.97,,Train,,0
2012-07-13,32,1141184.66,,Train,,0
2012-07-20,32,1167829.33,,Train,,0
2012-07-27,32,1144901.52,,Train,,0
2012-08-03,32,1183571.35,,Train,,0
2012-08-10,32,1227469.2,,Train,,0
2012-08-17,32,1261306.37,,Train,,0
2012-08-24,32,1272809.11,,Train,,0
2012-08-31,32,1183979.27,,Train,,0
2012-09-07,32,1126685.95,,Train,,1
2012-09-14,32,1156377.47,,Train,,0
2012-09-21,32,1159119.6,,Train,,0
2012-09-28,32,1157111.15,,Train,,0
2012-10-05,32,1202775.24,,Train,,0
2012-10-12,32,1176681.31,,Train,,0
2012-10-19,32,1199292.06,,Train,,0
2012-10-26,32,1219979.29,,Train,,0
2010-02-26,33,284052.77,,Train,,0
2010-03-05,33,291484.89,,Train,,0
2010-03-12,33,312161.0,,Train,,0
2010-03-19,33,282235.73,,Train,,0
2010-03-26,33,262893.76,,Train,,0
2010-04-02,33,274634.52,,Train,,0
2010-04-09,33,325201.05,,Train,,0
2010-04-16,33,307779.64,,Train,,0
2010-04-23,33,263263.02,,Train,,0
2010-04-30,33,275883.23,,Train,,0
2010-05-07,33,326870.13,,Train,,0
2010-05-14,33,331173.51,,Train,,0
2010-05-21,33,294264.2,,Train,,0
2010-05-28,33,279246.33,,Train,,0
2010-06-04,33,285100.0,,Train,,0
2010-06-11,33,310800.79,,Train,,0
2010-06-18,33,272399.08,,Train,,0
2010-06-25,33,259419.91,,Train,,0
2010-07-02,33,267495.76,,Train,,0
2010-07-09,33,302423.93,,Train,,0
2010-07-16,33,280937.84,,Train,,0
2010-07-23,33,252734.31,,Train,,0
2010-07-30,33,242047.03,,Train,,0
2010-08-06,33,262789.95,,Train,,0
2010-08-13,33,265367.51,,Train,,0
2010-08-20,33,230519.49,,Train,,0
2010-08-27,33,224031.19,,Train,,0
2010-09-03,33,237405.82,,Train,,0
2010-09-10,33,272834.88,,Train,,1
2010-09-17,33,246277.18,,Train,,0
2010-09-24,33,231976.84,,Train,,0
2010-10-01,33,224294.39,,Train,,0
2010-10-08,33,266484.19,,Train,,0
2010-10-15,33,251732.92,,Train,,0
2010-10-22,33,234175.92,,Train,,0
2010-10-29,33,213538.32,,Train,,0
2010-11-05,33,246124.61,,Train,,0
2010-11-12,33,272803.94,,Train,,0
2010-11-19,33,224639.76,,Train,,0
2010-11-26,33,240044.57,,Train,,1
2010-12-03,33,209986.25,,Train,,0
2010-12-10,33,253050.1,,Train,,0
2010-12-17,33,238875.26,,Train,,0
2010-12-24,33,249246.8,,Train,,0
2010-12-31,33,219804.85,,Train,,1
2011-01-07,33,243948.82,,Train,,0
2011-01-14,33,259527.75,,Train,,0
2011-01-21,33,244856.44,,Train,,0
2011-01-28,33,231155.9,,Train,,0
2011-02-04,33,234218.03,,Train,,0
2011-02-11,33,276198.74,,Train,,1
2011-02-18,33,252349.6,,Train,,0
2011-02-25,33,242901.21,,Train,,0
2011-03-04,33,245435.8,,Train,,0
2011-03-11,33,270921.44,,Train,,0
2011-03-18,33,247234.47,,Train,,0
2011-03-25,33,238084.08,,Train,,0
2011-04-01,33,232769.09,,Train,,0
2011-04-08,33,271924.73,,Train,,0
2011-04-15,33,275749.56,,Train,,0
2011-04-22,33,248603.3,,Train,,0
2011-04-29,33,248561.86,,Train,,0
2011-05-06,33,257031.19,,Train,,0
2011-05-13,33,279466.87,,Train,,0
2011-05-20,33,239206.26,,Train,,0
2011-05-27,33,239431.85,,Train,,0
2011-06-03,33,243477.03,,Train,,0
2011-06-10,33,258427.39,,Train,,0
2011-06-17,33,238172.66,,Train,,0
2011-06-24,33,238433.53,,Train,,0
2011-07-01,33,226702.36,,Train,,0
2011-07-08,33,262717.71,,Train,,0
2011-07-15,33,265003.47,,Train,,0
2011-07-22,33,238915.05,,Train,,0
2011-07-29,33,224806.96,,Train,,0
2011-08-05,33,242456.39,,Train,,0
2011-08-12,33,274721.85,,Train,,0
2011-08-19,33,242771.37,,Train,,0
2011-08-26,33,237095.82,,Train,,0
2011-09-02,33,239198.36,,Train,,0
2011-09-09,33,281842.28,,Train,,1
2011-09-16,33,262407.57,,Train,,0
2011-09-23,33,234793.12,,Train,,0
2011-09-30,33,229731.98,,Train,,0
2011-10-07,33,262159.13,,Train,,0
2011-10-14,33,272487.33,,Train,,0
2011-10-21,33,233543.08,,Train,,0
2011-10-28,33,231319.96,,Train,,0
2011-11-04,33,236157.12,,Train,,0
2011-11-11,33,271961.04,,Train,,0
2011-11-18,33,251294.5,,Train,,0
2011-11-25,33,255996.47,,Train,,1
2011-12-02,33,220060.35,,Train,,0
2011-12-09,33,270373.05,,Train,,0
2011-12-16,33,259638.35,,Train,,0
2011-12-23,33,256235.19,,Train,,0
2011-12-30,33,215359.21,,Train,,1
2012-01-06,33,267058.08,,Train,,0
2012-01-13,33,279447.22,,Train,,0
2012-01-20,33,244899.2,,Train,,0
2012-01-27,33,236920.49,,Train,,0
2012-02-03,33,256091.32,,Train,,0
2012-02-10,33,282552.58,,Train,,1
2012-02-17,33,266300.98,,Train,,0
2012-02-24,33,242526.7,,Train,,0
2012-03-02,33,248051.53,,Train,,0
2012-03-09,33,287346.29,,Train,,0
2012-03-16,33,278067.73,,Train,,0
2012-03-23,33,246970.97,,Train,,0
2012-03-30,33,251327.67,,Train,,0
2012-04-06,33,275911.97,,Train,,0
2012-04-13,33,312698.67,,Train,,0
2012-04-20,33,261837.2,,Train,,0
2012-04-27,33,249798.75,,Train,,0
2012-05-04,33,270497.51,,Train,,0
2012-05-11,33,295841.84,,Train,,0
2012-05-18,33,276899.95,,Train,,0
2012-05-25,33,261851.74,,Train,,0
2012-06-01,33,261131.09,,Train,,0
2012-06-08,33,286082.76,,Train,,0
2012-06-15,33,290444.31,,Train,,0
2012-06-22,33,261666.29,,Train,,0
2012-06-29,33,244338.31,,Train,,0
2012-07-06,33,273690.37,,Train,,0
2012-07-13,33,287033.64,,Train,,0
2012-07-20,33,253205.89,,Train,,0
2012-07-27,33,249134.32,,Train,,0
2012-08-03,33,258533.12,,Train,,0
2012-08-10,33,297753.49,,Train,,0
2012-08-17,33,270097.76,,Train,,0
2012-08-24,33,247672.56,,Train,,0
2012-08-31,33,237129.81,,Train,,0
2012-09-07,33,286428.78,,Train,,1
2012-09-14,33,277417.53,,Train,,0
2012-09-21,33,252709.58,,Train,,0
2012-09-28,33,242813.51,,Train,,0
2012-10-05,33,265444.9,,Train,,0
2012-10-12,33,291781.15,,Train,,0
2012-10-19,33,254412.34,,Train,,0
2012-10-26,33,253731.13,,Train,,0
2010-02-26,34,905756.13,,Train,,0
2010-03-05,34,918295.79,,Train,,0
2010-03-12,34,921247.88,,Train,,0
2010-03-19,34,892070.82,,Train,,0
2010-03-26,34,880742.35,,Train,,0
2010-04-02,34,979428.66,,Train,,0
2010-04-09,34,950684.2,,Train,,0
2010-04-16,34,923344.54,,Train,,0
2010-04-23,34,910240.68,,Train,,0
2010-04-30,34,859922.19,,Train,,0
2010-05-07,34,953495.48,,Train,,0
2010-05-14,34,933924.44,,Train,,0
2010-05-21,34,913616.32,,Train,,0
2010-05-28,34,942868.38,,Train,,0
2010-06-04,34,966187.51,,Train,,0
2010-06-11,34,954681.56,,Train,,0
2010-06-18,34,941612.04,,Train,,0
2010-06-25,34,895800.07,,Train,,0
2010-07-02,34,919229.36,,Train,,0
2010-07-09,34,911210.81,,Train,,0
2010-07-16,34,930269.79,,Train,,0
2010-07-23,34,902050.95,,Train,,0
2010-07-30,34,875976.83,,Train,,0
2010-08-06,34,987435.35,,Train,,0
2010-08-13,34,951208.65,,Train,,0
2010-08-20,34,985152.94,,Train,,0
2010-08-27,34,855421.39,,Train,,0
2010-09-03,34,964356.74,,Train,,0
2010-09-10,34,932240.96,,Train,,1
2010-09-17,34,885445.47,,Train,,0
2010-09-24,34,867539.07,,Train,,0
2010-10-01,34,865709.11,,Train,,0
2010-10-08,34,931710.67,,Train,,0
2010-10-15,34,888703.62,,Train,,0
2010-10-22,34,936293.6,,Train,,0
2010-10-29,34,926294.02,,Train,,0
2010-11-05,34,972292.31,,Train,,0
2010-11-12,34,979730.78,,Train,,0
2010-11-19,34,955766.33,,Train,,0
2010-11-26,34,1309476.68,,Train,,1
2010-12-03,34,1001512.21,,Train,,0
2010-12-10,34,1086661.02,,Train,,0
2010-12-17,34,1227148.13,,Train,,0
2010-12-24,34,1620748.25,,Train,,0
2010-12-31,34,902109.69,,Train,,1
2011-01-07,34,900646.94,,Train,,0
2011-01-14,34,898610.33,,Train,,0
2011-01-21,34,891025.39,,Train,,0
2011-01-28,34,836717.75,,Train,,0
2011-02-04,34,971932.87,,Train,,0
2011-02-11,34,1015654.6,,Train,,1
2011-02-18,34,1062629.3,,Train,,0
2011-02-25,34,953331.45,,Train,,0
2011-03-04,34,963910.81,,Train,,0
2011-03-11,34,943951.67,,Train,,0
2011-03-18,34,1014218.8,,Train,,0
2011-03-25,34,922898.38,,Train,,0
2011-04-01,34,884233.67,,Train,,0
2011-04-08,34,975479.83,,Train,,0
2011-04-15,34,941829.0,,Train,,0
2011-04-22,34,1051518.45,,Train,,0
2011-04-29,34,895973.02,,Train,,0
2011-05-06,34,965853.58,,Train,,0
2011-05-13,34,966232.69,,Train,,0
2011-05-20,34,945018.83,,Train,,0
2011-05-27,34,941311.83,,Train,,0
2011-06-03,34,947229.24,,Train,,0
2011-06-10,34,943912.77,,Train,,0
2011-06-17,34,968258.09,,Train,,0
2011-06-24,34,923795.04,,Train,,0
2011-07-01,34,911106.22,,Train,,0
2011-07-08,34,926934.57,,Train,,0
2011-07-15,34,903882.96,,Train,,0
2011-07-22,34,913236.62,,Train,,0
2011-07-29,34,851461.9,,Train,,0
2011-08-05,34,942236.45,,Train,,0
2011-08-12,34,956251.18,,Train,,0
2011-08-19,34,960418.54,,Train,,0
2011-08-26,34,871404.6,,Train,,0
2011-09-02,34,926455.64,,Train,,0
2011-09-09,34,930506.14,,Train,,1
2011-09-16,34,927249.61,,Train,,0
2011-09-23,34,902852.73,,Train,,0
2011-09-30,34,871847.85,,Train,,0
2011-10-07,34,954069.45,,Train,,0
2011-10-14,34,911788.79,,Train,,0
2011-10-21,34,953693.23,,Train,,0
2011-10-28,34,958063.87,,Train,,0
2011-11-04,34,992621.93,,Train,,0
2011-11-11,34,991570.02,,Train,,0
2011-11-18,34,947552.44,,Train,,0
2011-11-25,34,1345595.82,,Train,,1
2011-12-02,34,988742.08,,Train,,0
2011-12-09,34,1084243.91,,Train,,0
2011-12-16,34,1151052.86,,Train,,0
2011-12-23,34,1593655.96,,Train,,0
2011-12-30,34,965512.36,,Train,,1
2012-01-06,34,953844.85,,Train,,0
2012-01-13,34,913755.12,,Train,,0
2012-01-20,34,910899.05,,Train,,0
2012-01-27,34,872450.37,,Train,,0
2012-02-03,34,939367.14,,Train,,0
2012-02-10,34,1047658.09,,Train,,1
2012-02-17,34,1123446.51,,Train,,0
2012-02-24,34,950154.24,,Train,,0
2012-03-02,34,990263.7,,Train,,0
2012-03-09,34,976393.43,,Train,,0
2012-03-16,34,999298.43,,Train,,0
2012-03-23,34,945143.33,,Train,,0
2012-03-30,34,938861.77,,Train,,0
2012-04-06,34,1091020.37,,Train,,0
2012-04-13,34,987353.65,,Train,,0
2012-04-20,34,977628.78,,Train,,0
2012-04-27,34,940299.87,,Train,,0
2012-05-04,34,991104.4,,Train,,0
2012-05-11,34,949625.52,,Train,,0
2012-05-18,34,998672.85,,Train,,0
2012-05-25,34,1015737.61,,Train,,0
2012-06-01,34,977062.44,,Train,,0
2012-06-08,34,999511.29,,Train,,0
2012-06-15,34,982345.51,,Train,,0
2012-06-22,34,1000285.1,,Train,,0
2012-06-29,34,942970.63,,Train,,0
2012-07-06,34,1007867.68,,Train,,0
2012-07-13,34,954677.75,,Train,,0
2012-07-20,34,950929.59,,Train,,0
2012-07-27,34,917883.79,,Train,,0
2012-08-03,34,973250.41,,Train,,0
2012-08-10,34,1004523.59,,Train,,0
2012-08-17,34,1013820.86,,Train,,0
2012-08-24,34,926250.21,,Train,,0
2012-08-31,34,933487.71,,Train,,0
2012-09-07,34,976415.56,,Train,,1
2012-09-14,34,955211.7,,Train,,0
2012-09-21,34,943047.78,,Train,,0
2012-09-28,34,928629.31,,Train,,0
2012-10-05,34,968896.68,,Train,,0
2012-10-12,34,948613.39,,Train,,0
2012-10-19,34,963516.28,,Train,,0
2012-10-26,34,956987.81,,Train,,0
2010-02-26,35,1020651.74,,Train,,0
2010-03-05,35,1162610.27,,Train,,0
2010-03-12,35,1150344.39,,Train,,0
2010-03-19,35,1117536.09,,Train,,0
2010-03-26,35,1078900.44,,Train,,0
2010-04-02,35,1189556.47,,Train,,0
2010-04-09,35,1198014.97,,Train,,0
2010-04-16,35,1084487.55,,Train,,0
2010-04-23,35,1110827.48,,Train,,0
2010-04-30,35,1096930.65,,Train,,0
2010-05-07,35,1182099.88,,Train,,0
2010-05-14,35,1104277.57,,Train,,0
2010-05-21,35,1078182.18,,Train,,0
2010-05-28,35,1223777.48,,Train,,0
2010-06-04,35,1282378.71,,Train,,0
2010-06-11,35,1160412.71,,Train,,0
2010-06-18,35,1198025.76,,Train,,0
2010-06-25,35,1230245.74,,Train,,0
2010-07-02,35,1245827.08,,Train,,0
2010-07-09,35,1268766.76,,Train,,0
2010-07-16,35,1124414.87,,Train,,0
2010-07-23,35,1121756.43,,Train,,0
2010-07-30,35,1139131.78,,Train,,0
2010-08-06,35,1180183.39,,Train,,0
2010-08-13,35,1090587.5,,Train,,0
2010-08-20,35,1033719.5,,Train,,0
2010-08-27,35,917693.06,,Train,,0
2010-09-03,35,948660.79,,Train,,0
2010-09-10,35,961685.98,,Train,,1
2010-09-17,35,831443.61,,Train,,0
2010-09-24,35,758069.78,,Train,,0
2010-10-01,35,771065.21,,Train,,0
2010-10-08,35,874615.32,,Train,,0
2010-10-15,35,798376.99,,Train,,0
2010-10-22,35,827705.82,,Train,,0
2010-10-29,35,857797.33,,Train,,0
2010-11-05,35,843755.12,,Train,,0
2010-11-12,35,870914.69,,Train,,0
2010-11-19,35,846850.35,,Train,,0
2010-11-26,35,1781866.98,,Train,,1
2010-12-03,35,982598.88,,Train,,0
2010-12-10,35,1108580.19,,Train,,0
2010-12-17,35,1314987.4,,Train,,0
2010-12-24,35,1779236.54,,Train,,0
2010-12-31,35,576332.05,,Train,,1
2011-01-07,35,649289.75,,Train,,0
2011-01-14,35,687670.78,,Train,,0
2011-01-21,35,659902.07,,Train,,0
2011-01-28,35,633289.78,,Train,,0
2011-02-04,35,747577.05,,Train,,0
2011-02-11,35,859258.17,,Train,,1
2011-02-18,35,865305.88,,Train,,0
2011-02-25,35,841129.26,,Train,,0
2011-03-04,35,850448.54,,Train,,0
2011-03-11,35,830601.39,,Train,,0
2011-03-18,35,800662.82,,Train,,0
2011-03-25,35,762184.1,,Train,,0
2011-04-01,35,762620.94,,Train,,0
2011-04-08,35,813352.41,,Train,,0
2011-04-15,35,795157.2,,Train,,0
2011-04-22,35,841778.34,,Train,,0
2011-04-29,35,811824.06,,Train,,0
2011-05-06,35,835181.18,,Train,,0
2011-05-13,35,826155.95,,Train,,0
2011-05-20,35,776838.56,,Train,,0
2011-05-27,35,850708.6,,Train,,0
2011-06-03,35,955466.84,,Train,,0
2011-06-10,35,855130.21,,Train,,0
2011-06-17,35,828594.86,,Train,,0
2011-06-24,35,849397.57,,Train,,0
2011-07-01,35,874453.88,,Train,,0
2011-07-08,35,827717.85,,Train,,0
2011-07-15,35,813845.5,,Train,,0
2011-07-22,35,820188.42,,Train,,0
2011-07-29,35,770820.27,,Train,,0
2011-08-05,35,826820.71,,Train,,0
2011-08-12,35,819911.89,,Train,,0
2011-08-19,35,820288.35,,Train,,0
2011-08-26,35,897037.25,,Train,,0
2011-09-02,35,813486.55,,Train,,0
2011-09-09,35,922440.64,,Train,,1
2011-09-16,35,738792.11,,Train,,0
2011-09-23,35,705802.45,,Train,,0
2011-09-30,35,749676.95,,Train,,0
2011-10-07,35,791637.53,,Train,,0
2011-10-14,35,772859.25,,Train,,0
2011-10-21,35,811328.4,,Train,,0
2011-10-28,35,808821.5,,Train,,0
2011-11-04,35,653468.75,,Train,,0
2011-11-11,35,880576.33,,Train,,0
2011-11-18,35,820964.1,,Train,,0
2011-11-25,35,1733822.4,,Train,,1
2011-12-02,35,903606.03,,Train,,0
2011-12-09,35,948964.99,,Train,,0
2011-12-16,35,1115255.65,,Train,,0
2011-12-23,35,1550214.02,,Train,,0
2011-12-30,35,904650.55,,Train,,1
2012-01-06,35,671708.09,,Train,,0
2012-01-13,35,625135.11,,Train,,0
2012-01-20,35,669850.04,,Train,,0
2012-01-27,35,588722.99,,Train,,0
2012-02-03,35,746901.03,,Train,,0
2012-02-10,35,849779.14,,Train,,1
2012-02-17,35,824568.39,,Train,,0
2012-02-24,35,805028.74,,Train,,0
2012-03-02,35,766571.1,,Train,,0
2012-03-09,35,796351.35,,Train,,0
2012-03-16,35,793045.82,,Train,,0
2012-03-23,35,760671.1,,Train,,0
2012-03-30,35,744525.69,,Train,,0
2012-04-06,35,860293.46,,Train,,0
2012-04-13,35,788633.42,,Train,,0
2012-04-20,35,794660.24,,Train,,0
2012-04-27,35,721212.45,,Train,,0
2012-05-04,35,772036.6,,Train,,0
2012-05-11,35,802383.63,,Train,,0
2012-05-18,35,819196.68,,Train,,0
2012-05-25,35,822167.17,,Train,,0
2012-06-01,35,932195.52,,Train,,0
2012-06-08,35,873415.01,,Train,,0
2012-06-15,35,848289.41,,Train,,0
2012-06-22,35,911696.0,,Train,,0
2012-06-29,35,892133.41,,Train,,0
2012-07-06,35,985479.64,,Train,,0
2012-07-13,35,825763.48,,Train,,0
2012-07-20,35,841224.74,,Train,,0
2012-07-27,35,808030.15,,Train,,0
2012-08-03,35,866216.36,,Train,,0
2012-08-10,35,888368.8,,Train,,0
2012-08-17,35,887979.47,,Train,,0
2012-08-24,35,895274.72,,Train,,0
2012-08-31,35,931278.97,,Train,,0
2012-09-07,35,984833.35,,Train,,1
2012-09-14,35,821568.64,,Train,,0
2012-09-21,35,772302.94,,Train,,0
2012-09-28,35,814099.86,,Train,,0
2012-10-05,35,866064.4,,Train,,0
2012-10-12,35,873643.14,,Train,,0
2012-10-19,35,829284.67,,Train,,0
2012-10-26,35,865137.6,,Train,,0
2010-02-26,36,447519.44,,Train,,0
2010-03-05,36,480203.43,,Train,,0
2010-03-12,36,441434.2,,Train,,0
2010-03-19,36,428851.99,,Train,,0
2010-03-26,36,404438.51,,Train,,0
2010-04-02,36,435972.82,,Train,,0
2010-04-09,36,453016.91,,Train,,0
2010-04-16,36,483699.56,,Train,,0
2010-04-23,36,434116.8,,Train,,0
2010-04-30,36,457899.64,,Train,,0
2010-05-07,36,489372.02,,Train,,0
2010-05-14,36,476733.74,,Train,,0
2010-05-21,36,474917.98,,Train,,0
2010-05-28,36,447050.42,,Train,,0
2010-06-04,36,471088.88,,Train,,0
2010-06-11,36,467711.18,,Train,,0
2010-06-18,36,485694.72,,Train,,0
2010-06-25,36,434879.87,,Train,,0
2010-07-02,36,434252.15,,Train,,0
2010-07-09,36,471713.59,,Train,,0
2010-07-16,36,466962.04,,Train,,0
2010-07-23,36,452021.2,,Train,,0
2010-07-30,36,432451.91,,Train,,0
2010-08-06,36,467442.94,,Train,,0
2010-08-13,36,470436.8,,Train,,0
2010-08-20,36,437949.9,,Train,,0
2010-08-27,36,412050.73,,Train,,0
2010-09-03,36,431294.45,,Train,,0
2010-09-10,36,434471.38,,Train,,1
2010-09-17,36,454694.21,,Train,,0
2010-09-24,36,419348.59,,Train,,0
2010-10-01,36,422169.47,,Train,,0
2010-10-08,36,444351.61,,Train,,0
2010-10-15,36,453308.15,,Train,,0
2010-10-22,36,424956.3,,Train,,0
2010-10-29,36,392654.26,,Train,,0
2010-11-05,36,405860.37,,Train,,0
2010-11-12,36,425804.8,,Train,,0
2010-11-19,36,411615.71,,Train,,0
2010-11-26,36,408891.49,,Train,,1
2010-12-03,36,360266.09,,Train,,0
2010-12-10,36,404545.03,,Train,,0
2010-12-17,36,410214.7,,Train,,0
2010-12-24,36,422093.59,,Train,,0
2010-12-31,36,359310.65,,Train,,1
2011-01-07,36,384659.85,,Train,,0
2011-01-14,36,410497.73,,Train,,0
2011-01-21,36,399191.05,,Train,,0
2011-01-28,36,372174.12,,Train,,0
2011-02-04,36,417521.7,,Train,,0
2011-02-11,36,401501.2,,Train,,1
2011-02-18,36,427175.03,,Train,,0
2011-02-25,36,380279.44,,Train,,0
2011-03-04,36,402579.84,,Train,,0
2011-03-11,36,407506.78,,Train,,0
2011-03-18,36,431412.22,,Train,,0
2011-03-25,36,390732.02,,Train,,0
2011-04-01,36,385672.11,,Train,,0
2011-04-08,36,428727.61,,Train,,0
2011-04-15,36,414986.54,,Train,,0
2011-04-22,36,374574.72,,Train,,0
2011-04-29,36,340708.78,,Train,,0
2011-05-06,36,393401.4,,Train,,0
2011-05-13,36,395316.65,,Train,,0
2011-05-20,36,376183.44,,Train,,0
2011-05-27,36,348655.2,,Train,,0
2011-06-03,36,373703.95,,Train,,0
2011-06-10,36,374182.04,,Train,,0
2011-06-17,36,394645.25,,Train,,0
2011-06-24,36,360009.94,,Train,,0
2011-07-01,36,354270.77,,Train,,0
2011-07-08,36,377464.62,,Train,,0
2011-07-15,36,385631.48,,Train,,0
2011-07-22,36,361311.41,,Train,,0
2011-07-29,36,354361.08,,Train,,0
2011-08-05,36,381017.75,,Train,,0
2011-08-12,36,380188.69,,Train,,0
2011-08-19,36,373267.58,,Train,,0
2011-08-26,36,344964.2,,Train,,0
2011-09-02,36,350276.29,,Train,,0
2011-09-09,36,352960.64,,Train,,1
2011-09-16,36,343108.12,,Train,,0
2011-09-23,36,322405.13,,Train,,0
2011-09-30,36,314910.37,,Train,,0
2011-10-07,36,346137.87,,Train,,0
2011-10-14,36,342076.99,,Train,,0
2011-10-21,36,328633.34,,Train,,0
2011-10-28,36,306193.81,,Train,,0
2011-11-04,36,313387.11,,Train,,0
2011-11-11,36,328498.92,,Train,,0
2011-11-18,36,332901.94,,Train,,0
2011-11-25,36,332811.55,,Train,,1
2011-12-02,36,293350.51,,Train,,0
2011-12-09,36,312298.37,,Train,,0
2011-12-16,36,341503.92,,Train,,0
2011-12-23,36,325262.46,,Train,,0
2011-12-30,36,287425.22,,Train,,1
2012-01-06,36,329467.82,,Train,,0
2012-01-13,36,325976.34,,Train,,0
2012-01-20,36,330927.21,,Train,,0
2012-01-27,36,301444.94,,Train,,0
2012-02-03,36,310982.87,,Train,,0
2012-02-10,36,335741.9,,Train,,1
2012-02-17,36,326316.73,,Train,,0
2012-02-24,36,313270.45,,Train,,0
2012-03-02,36,315396.72,,Train,,0
2012-03-09,36,318674.93,,Train,,0
2012-03-16,36,335345.82,,Train,,0
2012-03-23,36,317872.51,,Train,,0
2012-03-30,36,304144.9,,Train,,0
2012-04-06,36,331026.11,,Train,,0
2012-04-13,36,339407.94,,Train,,0
2012-04-20,36,323915.32,,Train,,0
2012-04-27,36,308389.82,,Train,,0
2012-05-04,36,312467.52,,Train,,0
2012-05-11,36,330518.34,,Train,,0
2012-05-18,36,324801.13,,Train,,0
2012-05-25,36,306098.17,,Train,,0
2012-06-01,36,306005.53,,Train,,0
2012-06-08,36,338273.38,,Train,,0
2012-06-15,36,333146.88,,Train,,0
2012-06-22,36,306411.01,,Train,,0
2012-06-29,36,291530.43,,Train,,0
2012-07-06,36,306578.89,,Train,,0
2012-07-13,36,298337.41,,Train,,0
2012-07-20,36,303289.55,,Train,,0
2012-07-27,36,279643.43,,Train,,0
2012-08-03,36,304989.97,,Train,,0
2012-08-10,36,298947.51,,Train,,0
2012-08-17,36,314607.22,,Train,,0
2012-08-24,36,282545.55,,Train,,0
2012-08-31,36,282647.48,,Train,,0
2012-09-07,36,293728.57,,Train,,1
2012-09-14,36,301893.63,,Train,,0
2012-09-21,36,293804.45,,Train,,0
2012-09-28,36,270677.98,,Train,,0
2012-10-05,36,277137.86,,Train,,0
2012-10-12,36,300236.85,,Train,,0
2012-10-19,36,287360.05,,Train,,0
2012-10-26,36,272489.41,,Train,,0
2010-02-26,37,513615.82,496147.6039000002,Test,17468.216099999787,0
2010-03-05,37,519255.68,503502.6338000001,Test,15753.046199999866,0
2010-03-12,37,513015.35,508931.66409999994,Test,4083.6859000000404,0
2010-03-19,37,460020.74,502189.01229999994,Test,-42168.27229999995,0
2010-03-26,37,515777.97,515054.9365000001,Test,723.0334999998449,0
2010-04-02,37,540189.7,504244.7526999997,Test,35944.94730000023,0
2010-04-09,37,513327.55,511131.4087,Test,2196.1412999999593,0
2010-04-16,37,524544.83,520145.53090000025,Test,4399.299099999713,0
2010-04-23,37,527019.78,524501.7857000004,Test,2517.994299999671,0
2010-04-30,37,517850.83,525520.2215000005,Test,-7669.3915000004345,0
2010-05-07,37,543234.77,522018.8685000001,Test,21215.90149999992,0
2010-05-14,37,505196.08,532856.2339000006,Test,-27660.153900000558,0
2010-05-21,37,510494.7,517337.4801,Test,-6842.7800999999745,0
2010-05-28,37,532241.22,522861.45660000027,Test,9379.763399999705,0
2010-06-04,37,479195.02,526154.4513,Test,-46959.43129999994,0
2010-06-11,37,481915.11,514660.67949999985,Test,-32745.569499999867,0
2010-06-18,37,505761.62,495751.72499999986,Test,10009.895000000135,0
2010-06-25,37,485419.39,480359.8902000001,Test,5059.499799999932,0
2010-07-02,37,498292.53,485136.15060000005,Test,13156.379399999976,0
2010-07-09,37,502456.04,494658.9558999996,Test,7797.084100000386,0
2010-07-16,37,485150.01,487853.3522999998,Test,-2703.3422999997856,0
2010-07-23,37,491998.12,484194.92659999983,Test,7803.193400000164,0
2010-07-30,37,487912.95,479312.48240000004,Test,8600.467599999974,0
2010-08-06,37,508576.62,484614.70399999997,Test,23961.916000000027,0
2010-08-13,37,491815.83,495883.6364999997,Test,-4067.806499999657,0
2010-08-20,37,486930.72,488669.07560000016,Test,-1738.3556000001845,0
2010-08-27,37,512157.25,485498.1147,Test,26659.135300000024,0
2010-09-03,37,510427.53,490135.7944000001,Test,20291.735599999956,0
2010-09-10,37,510296.07,525714.9247999999,Test,-15418.854799999914,1
2010-09-17,37,501251.4,493484.2129999997,Test,7767.1870000003255,0
2010-09-24,37,494265.48,498436.9973999999,Test,-4171.517399999895,0
2010-10-01,37,529877.93,497183.9925999998,Test,32693.937400000228,0
2010-10-08,37,524483.65,512537.8949,Test,11945.75510000001,0
2010-10-15,37,498925.86,511946.27609999984,Test,-13020.416099999857,0
2010-10-22,37,510425.4,522285.18940000015,Test,-11859.789400000125,0
2010-10-29,37,514485.9,516845.9503,Test,-2360.0503000000026,0
2010-11-05,37,539683.42,518573.36660000007,Test,21110.053399999975,0
2010-11-12,37,517546.69,525520.9746000002,Test,-7974.284600000188,0
2010-11-19,37,518124.16,525769.6721000002,Test,-7645.5121000002255,0
2010-11-26,37,518220.72,565938.3662000004,Test,-47717.646200000425,1
2010-12-03,37,508213.14,530513.3139,Test,-22300.173899999936,0
2010-12-10,37,511207.52,527973.8640999998,Test,-16766.344099999755,0
2010-12-17,37,534285.21,530001.9845999997,Test,4283.225400000229,0
2010-12-24,37,576809.92,559437.5941999997,Test,17372.32580000034,0
2010-12-31,37,460331.7,565048.8599000003,Test,-104717.15990000026,1
2011-01-07,37,542464.02,532918.5223000001,Test,9545.497699999949,0
2011-01-14,37,525616.9,530005.3805000004,Test,-4388.480500000413,0
2011-01-21,37,526486.82,505989.20840000024,Test,20497.611599999713,0
2011-01-28,37,513672.36,527554.5355000002,Test,-13882.175500000245,0
2011-02-04,37,583835.18,546722.5169000002,Test,37112.66309999989,0
2011-02-11,37,522514.32,576237.0804,Test,-53722.76039999997,1
2011-02-18,37,536840.69,551369.9787000001,Test,-14529.28870000015,0
2011-02-25,37,514758.19,540291.7255000002,Test,-25533.535500000173,0
2011-03-04,37,527572.25,517888.26320000016,Test,9683.986799999839,0
2011-03-11,37,505610.4,518405.7772000003,Test,-12795.37720000028,0
2011-03-18,37,478503.06,501259.51819999993,Test,-22756.458199999935,0
2011-03-25,37,522105.93,515469.04929999984,Test,6636.880700000154,0
2011-04-01,37,534578.78,503533.5294,Test,31045.25060000003,0
2011-04-08,37,543703.16,518709.9151000001,Test,24993.244899999932,0
2011-04-15,37,543775.87,553090.1852000002,Test,-9314.315200000186,0
2011-04-22,37,526434.37,545460.8526000001,Test,-19026.482600000105,0
2011-04-29,37,502918.18,530239.9154,Test,-27321.735400000063,0
2011-05-06,37,547513.3,532561.8252999999,Test,14951.474700000137,0
2011-05-13,37,511871.63,536079.9550000003,Test,-24208.325000000303,0
2011-05-20,37,533564.42,526291.3055,Test,7273.114500000025,0
2011-05-27,37,507086.75,529104.1979000003,Test,-22017.44790000026,0
2011-06-03,37,500381.23,505874.4482,Test,-5493.218200000003,0
2011-06-10,37,509647.25,511961.56739999994,Test,-2314.3173999999417,0
2011-06-17,37,525132.36,506772.1882999998,Test,18360.17170000018,0
2011-06-24,37,509276.22,512051.35249999986,Test,-2775.1324999998906,0
2011-07-01,37,517021.3,510163.4583999999,Test,6857.841600000102,0
2011-07-08,37,489059.93,500120.94619999954,Test,-11061.016199999547,0
2011-07-15,37,498749.62,493671.49869999976,Test,5078.121300000232,0
2011-07-22,37,505543.53,496985.3263999997,Test,8558.203600000299,0
2011-07-29,37,504974.95,485570.17829999985,Test,19404.771700000158,0
2011-08-05,37,510787.46,502205.3353999999,Test,8582.124600000097,0
2011-08-12,37,502504.39,500923.6944999998,Test,1580.6955000002054,0
2011-08-19,37,506897.98,505494.15639999986,Test,1403.8236000001198,0
2011-08-26,37,527947.21,513503.20459999976,Test,14444.005400000198,0
2011-09-02,37,530367.83,506382.1828000002,Test,23985.647199999774,0
2011-09-09,37,506273.74,534417.6399000004,Test,-28143.899900000426,1
2011-09-16,37,513341.94,506304.5089000001,Test,7037.431099999929,0
2011-09-23,37,516556.94,501337.24020000006,Test,15219.699799999944,0
2011-09-30,37,516402.1,504347.48679999984,Test,12054.613200000138,0
2011-10-07,37,522816.85,512472.37919999997,Test,10344.47080000001,0
2011-10-14,37,513636.01,514754.1755999998,Test,-1118.1655999997747,0
2011-10-21,37,522784.33,515822.8200999999,Test,6961.509900000121,0
2011-10-28,37,517355.44,519768.20690000005,Test,-2412.766900000046,0
2011-11-04,37,555925.6,538670.6139999998,Test,17254.98600000015,0
2011-11-11,37,501268.78,529865.3743999999,Test,-28596.594399999827,0
2011-11-18,37,527495.09,529290.8377000001,Test,-1795.7477000001818,0
2011-11-25,37,522554.04,564003.4279,Test,-41449.38790000003,1
2011-12-02,37,527117.81,523104.19879999995,Test,4013.6112000001012,0
2011-12-09,37,537224.52,541125.8068999997,Test,-3901.2868999997154,0
2011-12-16,37,533905.67,549053.3291,Test,-15147.659099999932,0
2011-12-23,37,605791.46,565361.0502999999,Test,40430.40970000008,0
2011-12-30,37,451327.61,550053.3132,Test,-98725.70319999999,1
2012-01-06,37,558343.57,572239.3863999996,Test,-13895.816399999661,0
2012-01-13,37,546221.4,556698.6820000001,Test,-10477.282000000123,0
2012-01-20,37,543894.07,540091.2810000001,Test,3802.7889999998733,0
2012-01-27,37,514116.58,552035.1831000001,Test,-37918.603100000124,0
2012-02-03,37,555424.24,547506.2877999999,Test,7917.952200000058,0
2012-02-10,37,527041.46,582812.1700000003,Test,-55770.71000000031,1
2012-02-17,37,541071.29,553710.0031999997,Test,-12638.713199999649,0
2012-02-24,37,518696.89,553812.1810999999,Test,-35115.291099999915,0
2012-03-02,37,525559.17,532884.6559,Test,-7325.485899999971,0
2012-03-09,37,535937.25,534863.9661000001,Test,1073.2838999999221,0
2012-03-16,37,484588.34,522200.15459999995,Test,-37611.814599999925,0
2012-03-23,37,520887.23,514840.25019999983,Test,6046.9798000001465,0
2012-03-30,37,533734.94,516004.8084999998,Test,17730.131500000134,0
2012-04-06,37,564848.78,533774.3775000001,Test,31074.402499999967,0
2012-04-13,37,506973.17,528580.1535000001,Test,-21606.983500000148,0
2012-04-20,37,523483.19,524876.8058000001,Test,-1393.615800000087,0
2012-04-27,37,528807.45,524615.6408000002,Test,4191.809199999785,0
2012-05-04,37,535311.64,531478.9848000002,Test,3832.6551999998046,0
2012-05-11,37,527983.04,534259.2758000002,Test,-6276.23580000014,0
2012-05-18,37,534847.96,534606.882,Test,241.0779999999795,0
2012-05-25,37,540625.79,542230.4271,Test,-1604.6370999999344,0
2012-06-01,37,531811.85,539415.2949,Test,-7603.444900000002,0
2012-06-08,37,528940.78,538328.7095,Test,-9387.92949999997,0
2012-06-15,37,508573.16,523778.3271,Test,-15205.16710000002,0
2012-06-22,37,484032.75,515955.1975999996,Test,-31922.447599999607,0
2012-06-29,37,508309.81,519946.4636,Test,-11636.65360000002,0
2012-07-06,37,519498.32,506594.8074999997,Test,12903.512500000303,0
2012-07-13,37,506005.47,507703.2048999997,Test,-1697.7348999997484,0
2012-07-20,37,503744.56,506837.99759999965,Test,-3093.4375999996555,0
2012-07-27,37,514489.17,508009.64799999975,Test,6479.52200000023,0
2012-08-03,37,521959.28,517803.0476999996,Test,4156.23230000044,0
2012-08-10,37,500964.59,516109.97269999975,Test,-15145.382699999725,0
2012-08-17,37,509633.71,517157.3137999999,Test,-7523.603799999866,0
2012-08-24,37,522665.04,515073.25779999956,Test,7591.7822000004235,0
2012-08-31,37,538344.1,520832.43109999987,Test,17511.668900000106,0
2012-09-07,37,526838.14,547743.4143000003,Test,-20905.27430000028,1
2012-09-14,37,514651.74,515407.86690000014,Test,-756.1269000001485,0
2012-09-21,37,521320.98,521053.99800000014,Test,266.98199999984354,0
2012-09-28,37,527953.14,523878.76239999995,Test,4074.3776000000653,0
2012-10-05,37,546122.37,533656.6907000003,Test,12465.679299999727,0
2012-10-12,37,521810.75,539342.5542,Test,-17531.804200000013,0
2012-10-19,37,551969.1,561412.1647999999,Test,-9443.064799999935,0
2012-10-26,37,534738.43,541673.5325,Test,-6935.102499999921,0
2010-02-26,38,334222.73,327680.9018000002,Test,6541.828199999756,0
2010-03-05,38,372239.89,338990.33650000015,Test,33249.55349999986,0
2010-03-12,38,342023.92,338260.95390000014,Test,3762.966099999845,0
2010-03-19,38,333025.47,339910.2341000001,Test,-6884.764100000146,0
2010-03-26,38,335858.11,343899.68250000017,Test,-8041.572500000184,0
2010-04-02,38,368929.55,340185.38720000006,Test,28744.162799999933,0
2010-04-09,38,341630.46,340248.1303,Test,1382.329700000002,0
2010-04-16,38,337723.49,338842.95790000015,Test,-1119.4679000001634,0
2010-04-23,38,335121.82,337259.9725000001,Test,-2138.152500000084,0
2010-04-30,38,337979.65,325648.25350000005,Test,12331.396499999973,0
2010-05-07,38,383657.44,342666.9617000001,Test,40990.4782999999,0
2010-05-14,38,346174.3,342240.25160000013,Test,3934.048399999854,0
2010-05-21,38,340497.08,344858.8835000001,Test,-4361.803500000096,0
2010-05-28,38,326469.43,340874.1712000001,Test,-14404.741200000106,0
2010-06-04,38,376184.88,338904.3693000002,Test,37280.51069999981,0
2010-06-11,38,354828.65,340397.3133000002,Test,14431.33669999981,0
2010-06-18,38,335691.85,341855.89240000007,Test,-6164.042400000093,0
2010-06-25,38,322046.76,338013.7455000002,Test,-15966.985500000184,0
2010-07-02,38,361181.48,340624.6597000002,Test,20556.82029999979,0
2010-07-09,38,343850.34,326216.1381,Test,17634.201900000044,0
2010-07-16,38,338277.71,327081.57240000006,Test,11196.137599999958,0
2010-07-23,38,328336.85,338560.03300000017,Test,-10223.183000000194,0
2010-07-30,38,336378.38,323607.9611000001,Test,12770.418899999931,0
2010-08-06,38,378574.44,338602.62930000015,Test,39971.810699999856,0
2010-08-13,38,341400.72,338722.88930000016,Test,2677.8306999998167,0
2010-08-20,38,329139.73,337835.1090000001,Test,-8695.379000000132,0
2010-08-27,38,322868.56,339312.1020000002,Test,-16443.54200000019,0
2010-09-03,38,377096.55,335300.3646000002,Test,41796.185399999784,0
2010-09-10,38,336227.69,330924.3514,Test,5303.338600000017,1
2010-09-17,38,336253.19,338731.15340000024,Test,-2477.9634000002407,0
2010-09-24,38,330604.9,337617.8351000002,Test,-7012.935100000177,0
2010-10-01,38,360256.58,326512.2100000001,Test,33744.36999999994,0
2010-10-08,38,351271.36,336316.0451000001,Test,14955.314899999881,0
2010-10-15,38,337743.26,337864.4464,Test,-121.18640000000596,0
2010-10-22,38,339042.18,336276.6310000001,Test,2765.5489999998827,0
2010-10-29,38,341219.63,327965.71230000013,Test,13253.917699999874,0
2010-11-05,38,380870.09,345024.94400000013,Test,35845.14599999989,0
2010-11-12,38,340147.2,343927.19860000006,Test,-3779.99860000005,0
2010-11-19,38,348593.99,337356.1331999999,Test,11237.856800000067,0
2010-11-26,38,360857.98,354106.1189,Test,6751.86109999998,1
2010-12-03,38,351925.36,338367.01180000015,Test,13558.348199999833,0
2010-12-10,38,355965.23,348313.01050000003,Test,7652.219499999948,0
2010-12-17,38,334441.15,342510.0495000002,Test,-8068.899500000174,0
2010-12-24,38,369106.72,340380.2511999999,Test,28726.46880000009,0
2010-12-31,38,303908.81,329650.85109999997,Test,-25742.041099999973,1
2011-01-07,38,386344.54,324491.8341000001,Test,61852.705899999884,0
2011-01-14,38,356138.79,320432.78590000025,Test,35706.00409999973,0
2011-01-21,38,341098.08,319301.48760000005,Test,21796.592399999965,0
2011-01-28,38,357557.16,327351.3118000002,Test,30205.848199999775,0
2011-02-04,38,402341.76,369055.66399999993,Test,33286.09600000008,0
2011-02-11,38,377672.46,367523.2147,Test,10149.24530000001,1
2011-02-18,38,364606.7,371888.49669999996,Test,-7281.796699999948,0
2011-02-25,38,354232.34,369814.05919999984,Test,-15581.719199999818,0
2011-03-04,38,405429.43,375792.5994999999,Test,29636.8305000001,0
2011-03-11,38,357897.18,368532.74989999994,Test,-10635.569899999944,0
2011-03-18,38,349459.95,371927.4019999998,Test,-22467.451999999816,0
2011-03-25,38,351541.62,370911.9185999999,Test,-19370.298599999922,0
2011-04-01,38,382098.13,342074.0165000001,Test,40024.11349999992,0
2011-04-08,38,392152.3,368514.5242999999,Test,23637.775700000115,0
2011-04-15,38,362758.94,368172.2275,Test,-5413.287499999977,0
2011-04-22,38,362952.34,374637.9267999998,Test,-11685.586799999757,0
2011-04-29,38,344225.99,372798.98099999974,Test,-28572.990999999747,0
2011-05-06,38,422186.65,376513.64479999983,Test,45673.00520000019,0
2011-05-13,38,366977.79,375580.3805,Test,-8602.59050000005,0
2011-05-20,38,365730.76,377608.14569999976,Test,-11877.385699999752,0
2011-05-27,38,356886.1,382673.89879999973,Test,-25787.798799999757,0
2011-06-03,38,396826.06,372868.4081,Test,23957.651899999997,0
2011-06-10,38,381763.02,371075.7089000001,Test,10687.311099999934,0
2011-06-17,38,356797.0,373023.23020000005,Test,-16226.230200000049,0
2011-06-24,38,354078.95,375719.54769999994,Test,-21640.597699999926,0
2011-07-01,38,387334.04,365185.56239999994,Test,22148.477600000042,0
2011-07-08,38,399699.17,371506.2199,Test,28192.95009999996,0
2011-07-15,38,367181.71,381329.2955000001,Test,-14147.585500000103,0
2011-07-22,38,365562.67,385563.60599999985,Test,-20000.93599999987,0
2011-07-29,38,355131.33,368785.1557999999,Test,-13653.825799999875,0
2011-08-05,38,437631.44,384690.3327999998,Test,52941.1072000002,0
2011-08-12,38,387844.05,383025.1905,Test,4818.859499999962,0
2011-08-19,38,362224.7,378919.6449,Test,-16694.944900000002,0
2011-08-26,38,365672.55,384528.57039999985,Test,-18856.020399999863,0
2011-09-02,38,416953.51,384210.9593999999,Test,32742.550600000133,0
2011-09-09,38,397771.68,383002.3664,Test,14769.313599999994,1
2011-09-16,38,408188.88,403645.48269999993,Test,4543.39730000007,0
2011-09-23,38,394665.28,407637.3604999999,Test,-12972.080499999865,0
2011-09-30,38,366819.84,383735.4165,Test,-16915.576499999966,0
2011-10-07,38,449516.29,414666.97910000006,Test,34849.310899999924,0
2011-10-14,38,400430.78,414418.97820000025,Test,-13988.198200000217,0
2011-10-21,38,402709.17,414649.6209999999,Test,-11940.450999999943,0
2011-10-28,38,378539.17,418289.89589999994,Test,-39750.72589999996,0
2011-11-04,38,436970.1,421215.14619999996,Test,15754.953800000018,0
2011-11-11,38,411116.95,417675.4743000003,Test,-6558.524300000281,0
2011-11-18,38,392003.13,417240.4753000001,Test,-25237.345300000103,0
2011-11-25,38,393715.71,420551.6000000001,Test,-26835.890000000072,1
2011-12-02,38,411252.02,418678.8656,Test,-7426.845600000001,0
2011-12-09,38,435401.64,415479.9781000001,Test,19921.66189999989,0
2011-12-16,38,404283.84,413468.8762000001,Test,-9185.03620000009,0
2011-12-23,38,419717.41,415999.73979999986,Test,3717.6702000001096,0
2011-12-30,38,342667.35,398711.98579999985,Test,-56044.63579999987,1
2012-01-06,38,478483.2,423579.7319000001,Test,54903.46809999994,0
2012-01-13,38,423260.82,416318.2495,Test,6942.570500000031,0
2012-01-20,38,405215.91,420153.393,Test,-14937.483000000007,0
2012-01-27,38,412882.31,440953.4405999995,Test,-28071.13059999951,0
2012-02-03,38,457711.68,435376.0852999997,Test,22335.594700000307,0
2012-02-10,38,469787.38,459432.9127999999,Test,10354.46720000013,1
2012-02-17,38,415513.97,456303.2736999999,Test,-40789.30369999993,0
2012-02-24,38,409411.61,459086.9746999999,Test,-49675.36469999992,0
2012-03-02,38,471115.38,472784.8525000001,Test,-1669.4725000000908,0
2012-03-09,38,452792.53,456337.4251,Test,-3544.895099999965,0
2012-03-16,38,428465.11,458675.9143,Test,-30210.804300000018,0
2012-03-23,38,412456.48,459759.54499999987,Test,-47303.064999999886,0
2012-03-30,38,408679.36,441039.06559999986,Test,-32359.70559999987,0
2012-04-06,38,499267.66,473902.8054,Test,25364.854599999962,0
2012-04-13,38,435790.74,454337.0317,Test,-18546.2917,0
2012-04-20,38,401615.8,458220.96289999987,Test,-56605.16289999988,0
2012-04-27,38,419964.77,463232.8137000001,Test,-43268.0437000001,0
2012-05-04,38,491755.69,459874.4213999999,Test,31881.268600000127,0
2012-05-11,38,429914.6,455547.83680000005,Test,-25633.23680000007,0
2012-05-18,38,412314.71,457917.0922,Test,-45602.38219999999,0
2012-05-25,38,422810.12,461299.73799999995,Test,-38489.61799999996,0
2012-06-01,38,435579.7,444154.2319999997,Test,-8574.531999999715,0
2012-06-08,38,448110.25,464493.04259999975,Test,-16382.792599999753,0
2012-06-15,38,430222.07,460839.43149999983,Test,-30617.361499999824,0
2012-06-22,38,405938.35,467205.2684999998,Test,-61266.918499999796,0
2012-06-29,38,404634.36,431286.28349999984,Test,-26651.92349999986,0
2012-07-06,38,471086.22,449341.34899999975,Test,21744.871000000217,0
2012-07-13,38,416036.75,436544.7412999998,Test,-20507.99129999982,0
2012-07-20,38,441683.74,463899.5362999998,Test,-22215.796299999813,0
2012-07-27,38,407186.47,463035.6765999997,Test,-55849.20659999974,0
2012-08-03,38,469311.17,471430.6380999998,Test,-2119.4680999998236,0
2012-08-10,38,436690.13,460887.00939999975,Test,-24196.879399999743,0
2012-08-17,38,411866.46,462935.2828999997,Test,-51068.82289999968,0
2012-08-24,38,397428.22,450170.0140999998,Test,-52741.794099999825,0
2012-08-31,38,424904.95,417653.57359999995,Test,7251.3764000000665,0
2012-09-07,38,490274.82,461337.04619999975,Test,28937.773800000257,1
2012-09-14,38,430944.39,456873.277,Test,-25928.886999999988,0
2012-09-21,38,409600.98,460227.32450000005,Test,-50626.344500000065,0
2012-09-28,38,398468.08,466469.6220999999,Test,-68001.5420999999,0
2012-10-05,38,458479.01,436366.5529999997,Test,22112.457000000286,0
2012-10-12,38,437320.66,443811.1118999997,Test,-6490.451899999753,0
2012-10-19,38,428806.46,461370.9752999998,Test,-32564.515299999795,0
2012-10-26,38,417290.38,460645.55159999983,Test,-43355.17159999983,0
2010-02-26,39,1168582.02,1235601.0058999998,Test,-67018.98589999974,0
2010-03-05,39,1266254.21,1212868.9230999998,Test,53385.28690000018,0
2010-03-12,39,1244391.83,1223293.7082999996,Test,21098.121700000484,0
2010-03-19,39,1301590.13,1252028.7841999999,Test,49561.34580000001,0
2010-03-26,39,1235094.66,1297848.445,Test,-62753.78500000015,0
2010-04-02,39,1463942.62,1352326.3270000014,Test,111616.29299999867,0
2010-04-09,39,1327035.27,1328193.3557000002,Test,-1158.0857000001706,0
2010-04-16,39,1242874.98,1311770.705200001,Test,-68895.72520000092,0
2010-04-23,39,1280231.85,1359538.4513000005,Test,-79306.60130000045,0
2010-04-30,39,1263836.59,1285163.0704000003,Test,-21326.480400000233,0
2010-05-07,39,1355704.21,1304577.2442000003,Test,51126.965799999656,0
2010-05-14,39,1226997.7,1286714.1658000003,Test,-59716.465800000355,0
2010-05-21,39,1350673.98,1330570.9711000007,Test,20103.008899999317,0
2010-05-28,39,1365541.59,1317833.1464000007,Test,47708.44359999942,0
2010-06-04,39,1512207.95,1365279.4429,Test,146928.50710000005,0
2010-06-11,39,1371405.33,1374670.0656999997,Test,-3264.735699999612,0
2010-06-18,39,1368312.45,1369579.3325999998,Test,-1266.8825999998953,0
2010-06-25,39,1280414.8,1354359.8460999995,Test,-73945.04609999945,0
2010-07-02,39,1352547.7,1334181.7253999999,Test,18365.974600000074,0
2010-07-09,39,1330473.47,1319881.9993000007,Test,10591.470699999249,0
2010-07-16,39,1339811.68,1315555.3944000008,Test,24256.28559999913,0
2010-07-23,39,1314651.83,1316412.652300001,Test,-1760.8223000008147,0
2010-07-30,39,1308222.24,1327247.6670000008,Test,-19025.42700000084,0
2010-08-06,39,1409989.67,1353206.9309000003,Test,56782.73909999966,0
2010-08-13,39,1371465.66,1356202.2457000006,Test,15263.414299999364,0
2010-08-20,39,1471816.52,1378444.1025,Test,93372.41749999998,0
2010-08-27,39,1417515.93,1396221.0509999993,Test,21294.879000000656,0
2010-09-03,39,1345167.61,1362740.0495,Test,-17572.439499999862,0
2010-09-10,39,1279666.47,1384882.3079000001,Test,-105215.83790000016,1
2010-09-17,39,1252915.43,1298065.4934,Test,-45150.0634000001,0
2010-09-24,39,1199449.54,1263991.2511000007,Test,-64541.711100000655,0
2010-10-01,39,1219583.91,1217152.1052999995,Test,2431.8047000004444,0
2010-10-08,39,1286598.59,1248974.383,Test,37624.20700000017,0
2010-10-15,39,1238742.0,1220217.3602000002,Test,18524.63979999977,0
2010-10-22,39,1261109.01,1257743.7817000004,Test,3365.2282999996096,0
2010-10-29,39,1294769.08,1282040.900600001,Test,12728.179399999091,0
2010-11-05,39,1293707.19,1308900.7485,Test,-15193.558500000043,0
2010-11-12,39,1291398.71,1321653.9667999998,Test,-30255.256799999857,0
2010-11-19,39,1370659.54,1382242.5450999993,Test,-11583.005099999253,0
2010-11-26,39,2149355.2,1758154.3951000003,Test,391200.8048999999,1
2010-12-03,39,1431910.98,1499776.5383000013,Test,-67865.55830000131,0
2010-12-10,39,1630564.48,1770156.9118000004,Test,-139592.43180000037,0
2010-12-17,39,1842172.46,1932537.7595000013,Test,-90365.29950000136,0
2010-12-24,39,2495489.25,2294392.4439000012,Test,201096.80609999876,0
2010-12-31,39,1230012.16,1401980.8232,Test,-171968.66320000007,1
2011-01-07,39,1224475.12,1294982.5485,Test,-70507.42849999992,0
2011-01-14,39,1193199.39,1307088.8480000014,Test,-113889.4580000015,0
2011-01-21,39,1243370.74,1209572.5218,Test,33798.2182,0
2011-01-28,39,1158698.44,1250097.5307999996,Test,-91399.09079999966,0
2011-02-04,39,1343773.94,1221311.3173,Test,122462.62269999995,0
2011-02-11,39,1227893.89,1364709.5556000005,Test,-136815.66560000065,1
2011-02-18,39,1335233.74,1296422.9631000012,Test,38810.776899998775,0
2011-02-25,39,1240921.19,1303472.8836,Test,-62551.693600000115,0
2011-03-04,39,1316385.43,1287774.7602000006,Test,28610.669799999334,0
2011-03-11,39,1283716.81,1302389.9466000004,Test,-18673.136600000318,0
2011-03-18,39,1348410.05,1301350.4123000004,Test,47059.637699999614,0
2011-03-25,39,1284334.79,1316691.3685000003,Test,-32356.578500000294,0
2011-04-01,39,1316849.36,1324926.1229000003,Test,-8076.762900000205,0
2011-04-08,39,1350646.16,1335757.4009000012,Test,14888.759099998744,0
2011-04-15,39,1348031.55,1311872.0524000013,Test,36159.49759999872,0
2011-04-22,39,1563140.85,1371599.4923999992,Test,191541.35760000092,0
2011-04-29,39,1379651.87,1409162.4487999997,Test,-29510.578799999552,0
2011-05-06,39,1370920.87,1421187.3062,Test,-50266.43619999988,0
2011-05-13,39,1325022.77,1440219.0703999996,Test,-115196.3003999996,0
2011-05-20,39,1373907.21,1382215.8288,Test,-8308.618800000055,0
2011-05-27,39,1406124.14,1363879.5369999998,Test,42244.60300000012,0
2011-06-03,39,1541745.59,1423961.7597,Test,117783.83030000003,0
2011-06-10,39,1442092.08,1395385.9308999993,Test,46706.14910000074,0
2011-06-17,39,1451392.67,1470403.0583,Test,-19010.38829999999,0
2011-06-24,39,1363167.95,1433448.3986999996,Test,-70280.4486999996,0
2011-07-01,39,1429829.36,1415609.8075999997,Test,14219.552400000393,0
2011-07-08,39,1414564.53,1418418.9001999998,Test,-3854.370199999772,0
2011-07-15,39,1380257.12,1388974.0729999999,Test,-8716.952999999747,0
2011-07-22,39,1416005.59,1406099.9763000002,Test,9905.61369999987,0
2011-07-29,39,1426418.53,1415601.5389000005,Test,10816.991099999519,0
2011-08-05,39,1518790.89,1428303.0931000004,Test,90487.79689999949,0
2011-08-12,39,1514055.97,1462405.3383999998,Test,51650.6316000002,0
2011-08-19,39,1629066.9,1516320.6593999998,Test,112746.24060000014,0
2011-08-26,39,1573898.63,1567140.6764000014,Test,6757.953599998495,0
2011-09-02,39,1465089.85,1527421.1625000003,Test,-62331.31250000023,0
2011-09-09,39,1429345.86,1555882.3794999998,Test,-126536.5194999997,1
2011-09-16,39,1372500.63,1414403.9473000008,Test,-41903.31730000093,0
2011-09-23,39,1338657.95,1384198.0466000002,Test,-45540.09660000028,0
2011-09-30,39,1311775.83,1365074.2072000003,Test,-53298.37720000022,0
2011-10-07,39,1443884.39,1411123.025,Test,32761.36499999999,0
2011-10-14,39,1384721.84,1381481.1140000008,Test,3240.7259999993257,0
2011-10-21,39,1465283.29,1400247.379600001,Test,65035.910399999004,0
2011-10-28,39,1472663.1,1401247.9503,Test,71415.14970000018,0
2011-11-04,39,1553629.59,1463014.5363000005,Test,90615.05369999958,0
2011-11-11,39,1456957.38,1438663.1218000008,Test,18294.25819999911,0
2011-11-18,39,1510397.27,1465119.6993,Test,45277.57070000004,0
2011-11-25,39,2338832.4,2085171.6040000007,Test,253660.79599999916,1
2011-12-02,39,1632894.58,1617591.4988,Test,15303.081200000132,0
2011-12-09,39,1781528.77,1870654.6133999997,Test,-89125.84339999966,0
2011-12-16,39,1991824.05,2117474.7331,Test,-125650.68309999979,0
2011-12-23,39,2554482.84,2400462.519399999,Test,154020.32060000068,0
2011-12-30,39,1537139.56,1545955.3908999995,Test,-8815.830899999477,1
2012-01-06,39,1478537.93,1469022.2395,Test,9515.690500000026,0
2012-01-13,39,1369125.37,1435303.0583000001,Test,-66177.68830000004,0
2012-01-20,39,1394841.03,1368477.128000001,Test,26363.90199999907,0
2012-01-27,39,1320301.61,1363485.0346000006,Test,-43183.42460000049,0
2012-02-03,39,1396150.15,1445236.6598000007,Test,-49086.509800000815,0
2012-02-10,39,1442988.44,1508790.8210999998,Test,-65802.38109999988,1
2012-02-17,39,1511041.69,1525154.8049000003,Test,-14113.114900000393,0
2012-02-24,39,1412065.04,1402921.8837000004,Test,9143.156299999682,0
2012-03-02,39,1453047.02,1435171.8136000005,Test,17875.20639999956,0
2012-03-09,39,1470764.35,1438159.1071000013,Test,32605.24289999879,0
2012-03-16,39,1522421.07,1432289.200500001,Test,90131.8694999991,0
2012-03-23,39,1469593.37,1435508.4776,Test,34084.89240000001,0
2012-03-30,39,1499727.02,1464830.4046999994,Test,34896.615300000645,0
2012-04-06,39,1764847.94,1571625.4582000002,Test,193222.48179999972,0
2012-04-13,39,1580732.73,1569857.1327000007,Test,10875.597299999325,0
2012-04-20,39,1433391.04,1551670.2240000002,Test,-118279.18400000012,0
2012-04-27,39,1456997.2,1596375.1756000007,Test,-139377.9756000007,0
2012-05-04,39,1512227.34,1479605.4241999995,Test,32621.91580000054,0
2012-05-11,39,1470792.41,1445071.9710999997,Test,25720.438900000183,0
2012-05-18,39,1522978.54,1455380.0519999992,Test,67598.48800000083,0
2012-05-25,39,1596036.66,1530763.0827000006,Test,65273.577299999306,0
2012-06-01,39,1640476.77,1569493.2817000009,Test,70983.48829999915,0
2012-06-08,39,1623442.24,1607334.216800001,Test,16108.023199999006,0
2012-06-15,39,1587499.82,1612937.9830000007,Test,-25438.16300000064,0
2012-06-22,39,1532316.79,1576358.008500001,Test,-44041.21850000089,0
2012-06-29,39,1492388.98,1551556.1162000003,Test,-59167.1362000003,0
2012-07-06,39,1659221.99,1584739.8606000007,Test,74482.12939999928,0
2012-07-13,39,1471261.76,1535466.5652000008,Test,-64204.80520000076,0
2012-07-20,39,1582168.27,1557449.3621999996,Test,24718.907800000394,0
2012-07-27,39,1487797.54,1519652.4916,Test,-31854.95160000003,0
2012-08-03,39,1608277.74,1557036.3249999995,Test,51241.4150000005,0
2012-08-10,39,1641867.92,1595131.9775000005,Test,46735.94249999942,0
2012-08-17,39,1720221.91,1613230.0915000006,Test,106991.81849999935,0
2012-08-24,39,1724669.75,1650882.4989999994,Test,73787.25100000063,0
2012-08-31,39,1710923.94,1718951.5649,Test,-8027.62490000017,0
2012-09-07,39,1609811.75,1806994.6179999998,Test,-197182.86799999978,1
2012-09-14,39,1447614.08,1601943.6471000002,Test,-154329.5671000001,0
2012-09-21,39,1555672.51,1614583.411200001,Test,-58910.901200000895,0
2012-09-28,39,1495607.07,1504531.3979,Test,-8924.327899999917,0
2012-10-05,39,1574408.67,1503875.4074,Test,70533.26260000002,0
2012-10-12,39,1494417.07,1507772.7104999998,Test,-13355.640499999747,0
2012-10-19,39,1577486.33,1547340.401899999,Test,30145.928100001067,0
2012-10-26,39,1569502.0,1528338.7040000001,Test,41163.29599999986,0
2010-02-26,40,863917.41,918961.6147000002,Test,-55044.20470000012,0
2010-03-05,40,990152.28,906328.9330000003,Test,83823.34699999972,0
2010-03-12,40,899352.4,912042.0998999999,Test,-12689.69989999989,0
2010-03-19,40,894865.3,893035.4956999997,Test,1829.804300000309,0
2010-03-26,40,873354.58,900283.9024000001,Test,-26929.32240000018,0
2010-04-02,40,1041202.13,909745.2352000006,Test,131456.89479999943,0
2010-04-09,40,919839.19,909844.2559000003,Test,9994.934099999606,0
2010-04-16,40,882636.96,910787.9125000001,Test,-28150.95250000013,0
2010-04-23,40,844958.49,915220.2039000005,Test,-70261.71390000056,0
2010-04-30,40,816838.31,865478.0735000004,Test,-48639.76350000035,0
2010-05-07,40,1009797.06,876736.2860999996,Test,133060.7739000005,0
2010-05-14,40,907262.47,867094.1043999997,Test,40168.36560000025,0
2010-05-21,40,885613.91,893640.1727999997,Test,-8026.262799999677,0
2010-05-28,40,1008483.07,942650.8578000005,Test,65832.21219999949,0
2010-06-04,40,1052429.03,955912.7319000002,Test,96516.29809999978,0
2010-06-11,40,1007574.67,989458.4193000004,Test,18116.250699999626,0
2010-06-18,40,973105.3,1001947.8990000009,Test,-28842.59900000086,0
2010-06-25,40,940405.03,1006690.2463000001,Test,-66285.21630000009,0
2010-07-02,40,1087578.78,1027571.7038000001,Test,60007.076199999894,0
2010-07-09,40,1058250.91,988227.0955000002,Test,70023.81449999975,0
2010-07-16,40,959229.09,994957.4860000003,Test,-35728.3960000003,0
2010-07-23,40,922341.82,1008619.7948,Test,-86277.97480000008,0
2010-07-30,40,953393.02,972737.8947999999,Test,-19344.874799999874,0
2010-08-06,40,1057295.87,980973.3577999999,Test,76322.51220000023,0
2010-08-13,40,924011.76,952051.2539000001,Test,-28039.493900000118,0
2010-08-20,40,932397.0,952307.4287999995,Test,-19910.42879999953,0
2010-08-27,40,922328.02,931126.2729000007,Test,-8798.252900000662,0
2010-09-03,40,976453.34,907017.5930000005,Test,69435.74699999951,0
2010-09-10,40,967310.82,992606.9384000005,Test,-25296.1184000005,1
2010-09-17,40,855046.95,909782.5504000002,Test,-54735.60040000023,0
2010-09-24,40,844373.31,899907.884,Test,-55534.573999999906,0
2010-10-01,40,891152.33,880654.4428999998,Test,10497.887100000167,0
2010-10-08,40,972405.38,884588.4454999998,Test,87816.9345000002,0
2010-10-15,40,917883.17,895027.0348000005,Test,22856.135199999553,0
2010-10-22,40,882180.91,900690.0399000002,Test,-18509.129900000175,0
2010-10-29,40,875038.84,905049.7604000004,Test,-30010.92040000041,0
2010-11-05,40,968270.66,911123.9958000003,Test,57146.66419999977,0
2010-11-12,40,935481.32,895882.8251000005,Test,39598.49489999947,0
2010-11-19,40,852452.93,899934.2640000002,Test,-47481.33400000015,0
2010-11-26,40,1166142.85,1204176.7634000005,Test,-38033.91340000043,1
2010-12-03,40,1000582.06,982530.4379000008,Test,18051.622099999222,0
2010-12-10,40,1111215.72,1051773.9288000006,Test,59441.791199999396,0
2010-12-17,40,1179036.3,1117062.2921999998,Test,61974.007800000254,0
2010-12-24,40,1648829.18,1597061.2380999997,Test,51767.94190000021,0
2010-12-31,40,811318.3,843064.1939999997,Test,-31745.893999999622,1
2011-01-07,40,894280.19,953850.3002999991,Test,-59570.11029999913,0
2011-01-14,40,771315.62,814374.7538000003,Test,-43059.1338000003,0
2011-01-21,40,764014.75,807668.9853999994,Test,-43654.23539999942,0
2011-01-28,40,775910.43,794997.5455999991,Test,-19087.115599999088,0
2011-02-04,40,904261.65,814363.5388999992,Test,89898.1111000008,0
2011-02-11,40,931939.52,899510.1973000008,Test,32429.322699999204,1
2011-02-18,40,968694.45,916567.5373000002,Test,52126.91269999975,0
2011-02-25,40,888869.27,931690.8802000004,Test,-42821.610200000345,0
2011-03-04,40,977070.62,940124.9688000001,Test,36945.65119999985,0
2011-03-11,40,860255.58,913033.6943000001,Test,-52778.11430000013,0
2011-03-18,40,871024.26,926627.6978000002,Test,-55603.43780000019,0
2011-03-25,40,834621.39,880709.5626,Test,-46088.17259999993,0
2011-04-01,40,841889.08,859281.9949000004,Test,-17392.91490000044,0
2011-04-08,40,947753.32,882159.3306,Test,65593.98939999996,0
2011-04-15,40,874446.32,873159.1876,Test,1287.1324000000022,0
2011-04-22,40,965056.4,923267.8241000004,Test,41788.57589999959,0
2011-04-29,40,847246.5,879392.7369,Test,-32146.236900000018,0
2011-05-06,40,1016752.55,957520.8947000009,Test,59231.65529999917,0
2011-05-13,40,903864.02,933426.6434000002,Test,-29562.623400000157,0
2011-05-20,40,907110.83,949007.1281000004,Test,-41896.29810000048,0
2011-05-27,40,972373.81,951980.8614000004,Test,20392.948599999654,0
2011-06-03,40,1075687.74,974962.7585000003,Test,100724.98149999965,0
2011-06-10,40,984336.04,990041.4339000003,Test,-5705.393900000257,0
2011-06-17,40,971422.67,1025688.7078,Test,-54266.03779999993,0
2011-06-24,40,977103.64,1036159.4454,Test,-59055.805399999954,0
2011-07-01,40,1048866.3,1001797.7280999997,Test,47068.57190000033,0
2011-07-08,40,1107366.06,1037838.5338000013,Test,69527.5261999988,0
2011-07-15,40,953252.14,1015402.2877000007,Test,-62150.14770000067,0
2011-07-22,40,980642.1,1032608.1679000005,Test,-51966.06790000049,0
2011-07-29,40,929096.9,1005366.6413000003,Test,-76269.74130000023,0
2011-08-05,40,1063818.2,1001626.2596000003,Test,62191.940399999614,0
2011-08-12,40,955506.95,984493.8515000005,Test,-28986.901500000502,0
2011-08-19,40,943237.12,991040.6304999999,Test,-47803.51049999986,0
2011-08-26,40,969611.3,1001376.3659000003,Test,-31765.065900000278,0
2011-09-02,40,957298.26,955827.4759000007,Test,1470.7840999993496,0
2011-09-09,40,1021391.99,1040468.2381000007,Test,-19076.248100000666,1
2011-09-16,40,890661.79,948033.1181000004,Test,-57371.32810000039,0
2011-09-23,40,876583.98,929886.6537000004,Test,-53302.67370000039,0
2011-09-30,40,912857.1,921355.5357000002,Test,-8498.435700000264,0
2011-10-07,40,1070389.98,933636.3471000007,Test,136753.63289999927,0
2011-10-14,40,936751.68,946673.5093000004,Test,-9921.829300000332,0
2011-10-21,40,942319.65,980531.5030999997,Test,-38211.85309999972,0
2011-10-28,40,941675.95,997259.9866000003,Test,-55584.03660000034,0
2011-11-04,40,1011321.18,955231.0665000005,Test,56090.11349999951,0
2011-11-11,40,1037687.07,990665.9772999999,Test,47021.09270000004,0
2011-11-18,40,905399.99,981005.9489000003,Test,-75605.95890000032,0
2011-11-25,40,1230011.95,1256010.6866000004,Test,-25998.73660000041,1
2011-12-02,40,1059676.62,1026616.1615999998,Test,33060.45840000035,0
2011-12-09,40,1158708.98,1092107.8142999995,Test,66601.16570000048,0
2011-12-16,40,1198670.19,1192385.1850999994,Test,6285.004900000524,0
2011-12-23,40,1601585.7,1584811.5681999996,Test,16774.131800000323,0
2011-12-30,40,908853.15,1039134.8601000002,Test,-130281.71010000014,1
2012-01-06,40,954576.86,881158.5880999998,Test,73418.27190000017,0
2012-01-13,40,780607.52,811824.1010000003,Test,-31216.58100000024,0
2012-01-20,40,811365.42,892980.5873999995,Test,-81615.16739999945,0
2012-01-27,40,770157.29,829747.7653000002,Test,-59590.475300000166,0
2012-02-03,40,979552.34,905772.4348999998,Test,73779.90510000021,0
2012-02-10,40,999785.48,1017084.1153999999,Test,-17298.635399999912,1
2012-02-17,40,975500.87,957046.0438,Test,18454.82620000001,0
2012-02-24,40,919301.81,938611.9300999998,Test,-19310.12009999971,0
2012-03-02,40,927732.02,954067.3107000004,Test,-26335.29070000036,0
2012-03-09,40,954233.87,938342.3376000001,Test,15891.53239999991,0
2012-03-16,40,891154.18,914356.2648,Test,-23202.084799999953,0
2012-03-23,40,844490.86,897214.8152000001,Test,-52723.955200000084,0
2012-03-30,40,871945.64,900911.2754000002,Test,-28965.635400000145,0
2012-04-06,40,1132064.23,948597.711200001,Test,183466.51879999903,0
2012-04-13,40,857811.17,868356.5804999999,Test,-10545.410499999882,0
2012-04-20,40,896979.93,945901.9447000007,Test,-48922.01470000064,0
2012-04-27,40,875372.91,949324.4345000007,Test,-73951.52450000064,0
2012-05-04,40,993311.59,928543.7552000004,Test,64767.834799999604,0
2012-05-11,40,967729.35,932670.9990000002,Test,35058.35099999979,0
2012-05-18,40,896295.41,932208.6627000005,Test,-35913.25270000042,0
2012-05-25,40,991054.49,963583.7264000003,Test,27470.763599999715,0
2012-06-01,40,1037464.27,994361.1268000002,Test,43103.14319999982,0
2012-06-08,40,1079386.88,1006548.5507000008,Test,72838.32929999905,0
2012-06-15,40,977950.28,1021708.0160000009,Test,-43757.73600000085,0
2012-06-22,40,1033552.18,1034697.3694000007,Test,-1145.1894000006141,0
2012-06-29,40,988764.84,1022425.968400001,Test,-33661.12840000098,0
2012-07-06,40,1182901.56,1035065.4844000008,Test,147836.07559999928,0
2012-07-13,40,979848.71,1016426.8524000007,Test,-36578.14240000071,0
2012-07-20,40,968502.38,1030115.6430000012,Test,-61613.2630000012,0
2012-07-27,40,954396.85,1037745.1937000008,Test,-83348.34370000078,0
2012-08-03,40,1068346.76,1011777.9775999999,Test,56568.78240000014,0
2012-08-10,40,1007906.43,996652.9557000005,Test,11253.474299999536,0
2012-08-17,40,969387.48,1017190.7796000001,Test,-47803.299600000144,0
2012-08-24,40,945318.47,1022250.6394999999,Test,-76932.16949999996,0
2012-08-31,40,987264.67,992915.0727000001,Test,-5650.402700000093,0
2012-09-07,40,1088248.4,1044324.5500000002,Test,43923.849999999744,1
2012-09-14,40,901709.82,974570.5488000008,Test,-72860.72880000086,0
2012-09-21,40,899768.4,953072.1300000006,Test,-53303.73000000056,0
2012-09-28,40,919595.44,957776.1766000006,Test,-38180.736600000644,0
2012-10-05,40,1069112.0,971007.5617000003,Test,98104.43829999969,0
2012-10-12,40,982523.26,985140.9069000008,Test,-2617.646900000749,0
2012-10-19,40,918170.5,987202.1966000004,Test,-69031.69660000037,0
2012-10-26,40,921264.52,993415.0564000004,Test,-72150.53640000033,0
2010-02-26,41,991941.73,1023271.5060999999,Test,-31329.7760999999,0
2010-03-05,41,1063557.49,1024400.1410999997,Test,39157.34890000033,0
2010-03-12,41,1023997.71,1034935.4023999999,Test,-10937.692399999942,0
2010-03-19,41,1006597.69,1020576.1151999997,Test,-13978.425199999707,0
2010-03-26,41,1015196.46,1039001.7968999998,Test,-23805.33689999988,0
2010-04-02,41,1168826.39,1029978.5178999997,Test,138847.87210000015,0
2010-04-09,41,1082158.21,1039471.2661000002,Test,42686.94389999972,0
2010-04-16,41,1043388.79,1054109.5528999998,Test,-10720.76289999974,0
2010-04-23,41,1067340.74,1093280.0343999993,Test,-25939.294399999315,0
2010-04-30,41,1063960.11,1036175.1404,Test,27784.96960000007,0
2010-05-07,41,1175738.22,1091523.9254999992,Test,84214.29450000077,0
2010-05-14,41,1116439.02,1097356.5859999992,Test,19082.434000000823,0
2010-05-21,41,1163234.33,1122772.8315999997,Test,40461.49840000039,0
2010-05-28,41,1246654.24,1182980.9995999995,Test,63673.240400000475,0
2010-06-04,41,1305068.1,1240007.6270999997,Test,65060.4729000004,0
2010-06-11,41,1217199.39,1211476.0143,Test,5723.375699999975,0
2010-06-18,41,1202963.06,1283676.6294000002,Test,-80713.56940000015,0
2010-06-25,41,1174209.52,1223488.4625000001,Test,-49278.94250000012,0
2010-07-02,41,1273279.79,1222706.1582000002,Test,50573.63179999986,0
2010-07-09,41,1176079.59,1217018.3492000003,Test,-40938.759200000204,0
2010-07-16,41,1179788.38,1211188.1061999996,Test,-31399.726199999684,0
2010-07-23,41,1192213.87,1216943.4669999997,Test,-24729.5969999996,0
2010-07-30,41,1211136.63,1161612.2973,Test,49524.33269999991,0
2010-08-06,41,1338132.72,1224859.7118999998,Test,113273.00810000021,0
2010-08-13,41,1285976.53,1284854.084700001,Test,1122.44529999909,0
2010-08-20,41,1353838.39,1321872.3258000007,Test,31966.064199999208,0
2010-08-27,41,1173131.63,1310331.431600001,Test,-137199.80160000105,0
2010-09-03,41,1223355.5,1321031.6748000013,Test,-97676.17480000132,0
2010-09-10,41,1172672.27,1273745.0210000004,Test,-101072.7510000004,1
2010-09-17,41,1111170.91,1160442.7348999993,Test,-49271.824899999425,0
2010-09-24,41,1110941.78,1152683.6328999999,Test,-41741.85289999982,0
2010-10-01,41,1109216.35,1120924.4474000002,Test,-11708.097400000086,0
2010-10-08,41,1162042.24,1122812.1825,Test,39230.05749999988,0
2010-10-15,41,1133913.33,1138493.2926999999,Test,-4579.9626999998,0
2010-10-22,41,1156003.7,1150713.6182,Test,5290.081800000044,0
2010-10-29,41,1144854.56,1162225.6100999997,Test,-17371.050099999644,0
2010-11-05,41,1163878.49,1162044.2233999996,Test,1834.2666000004392,0
2010-11-12,41,1175326.23,1173526.6555999992,Test,1799.5744000007398,0
2010-11-19,41,1172155.28,1167639.128499999,Test,4516.151500001084,0
2010-11-26,41,1866681.57,1522160.543999999,Test,344521.026000001,1
2010-12-03,41,1220115.75,1300981.438,Test,-80865.68800000008,0
2010-12-10,41,1434908.13,1563040.2702,Test,-128132.14020000002,0
2010-12-17,41,1627904.68,1637002.8496999992,Test,-9098.169699999271,0
2010-12-24,41,2225016.73,1977074.6095999992,Test,247942.12040000083,0
2010-12-31,41,1001790.16,1257596.367399999,Test,-255806.2073999989,1
2011-01-07,41,1153596.53,1190656.8056,Test,-37060.27560000005,0
2011-01-14,41,1052609.16,1079028.5418000005,Test,-26419.381800000556,0
2011-01-21,41,1088025.8,1043877.4018999998,Test,44148.398100000224,0
2011-01-28,41,1026439.93,1044928.0876999997,Test,-18488.157699999632,0
2011-02-04,41,1179420.5,1112140.1554,Test,67280.34459999995,0
2011-02-11,41,1150003.36,1123808.2882000003,Test,26195.0717999998,1
2011-02-18,41,1203399.64,1173910.3895000005,Test,29489.250499999383,0
2011-02-25,41,1099714.93,1171512.7325000002,Test,-71797.80250000022,0
2011-03-04,41,1229257.7,1171231.1218999997,Test,58026.578100000275,0
2011-03-11,41,1159089.6,1158978.7499999993,Test,110.85000000079162,0
2011-03-18,41,1115504.26,1154408.4593999998,Test,-38904.19939999981,0
2011-03-25,41,1140578.16,1163994.1827999996,Test,-23416.022799999686,0
2011-04-01,41,1179125.48,1171390.6448999995,Test,7734.835100000491,0
2011-04-08,41,1206252.12,1166532.7456999994,Test,39719.37430000072,0
2011-04-15,41,1192982.07,1180417.230399999,Test,12564.839600000996,0
2011-04-22,41,1304481.75,1243291.3695000007,Test,61190.38049999927,0
2011-04-29,41,1178841.05,1224401.4446000007,Test,-45560.3946000007,0
2011-05-06,41,1244956.91,1229746.3461000002,Test,15210.563899999717,0
2011-05-13,41,1270025.74,1280808.0086,Test,-10782.268600000069,0
2011-05-20,41,1244542.33,1247028.4144000004,Test,-2486.0844000002835,0
2011-05-27,41,1278304.33,1314593.6490000004,Test,-36289.31900000037,0
2011-06-03,41,1297584.95,1303797.1113000005,Test,-6212.161300000502,0
2011-06-10,41,1311690.11,1303609.2600000005,Test,8080.8499999996275,0
2011-06-17,41,1289151.84,1313686.7592,Test,-24534.919199999887,0
2011-06-24,41,1244381.98,1308778.3245000008,Test,-64396.34450000082,0
2011-07-01,41,1333347.78,1327462.8357000006,Test,5884.944299999392,0
2011-07-08,41,1338862.58,1336340.7251,Test,2521.8549000001512,0
2011-07-15,41,1245772.7,1305840.2160000005,Test,-60067.51600000053,0
2011-07-22,41,1292830.93,1338499.4711000007,Test,-45668.54110000073,0
2011-07-29,41,1248330.1,1279764.7450000003,Test,-31434.64500000025,0
2011-08-05,41,1402233.69,1333738.1382000006,Test,68495.55179999932,0
2011-08-12,41,1356689.88,1337686.390300001,Test,19003.48969999887,0
2011-08-19,41,1412959.97,1370210.4823999999,Test,42749.48760000011,0
2011-08-26,41,1328740.71,1375377.2067000004,Test,-46636.49670000048,0
2011-09-02,41,1283849.38,1343449.5156999999,Test,-59600.135699999984,0
2011-09-09,41,1280958.97,1381717.7826999999,Test,-100758.8126999999,1
2011-09-16,41,1197019.39,1289714.1230000004,Test,-92694.73300000047,0
2011-09-23,41,1173059.79,1225378.2947999998,Test,-52318.50479999976,0
2011-09-30,41,1160619.61,1214483.3905000004,Test,-53863.78050000034,0
2011-10-07,41,1277882.77,1227595.7353000008,Test,50287.03469999926,0
2011-10-14,41,1247130.22,1241550.065800001,Test,5580.154199999059,0
2011-10-21,41,1214944.29,1243073.3582000001,Test,-28129.068200000096,0
2011-10-28,41,1274463.02,1333594.573200001,Test,-59131.5532000009,0
2011-11-04,41,1315684.86,1329719.0531000001,Test,-14034.193100000033,0
2011-11-11,41,1302499.23,1318472.7065000006,Test,-15973.476500000572,0
2011-11-18,41,1230118.02,1314398.8548,Test,-84280.83480000007,0
2011-11-25,41,1906713.35,1679371.5633,Test,227341.78670000006,1
2011-12-02,41,1292436.23,1334357.8058,Test,-41921.57579999999,0
2011-12-09,41,1548661.45,1669453.6697999998,Test,-120792.21979999985,0
2011-12-16,41,1682368.32,1651071.7857000006,Test,31296.534299999475,0
2011-12-23,41,2263722.68,2057000.923099998,Test,206721.75690000225,0
2011-12-30,41,1264014.16,1390134.608099999,Test,-126120.44809999899,1
2012-01-06,41,1208191.61,1300068.398,Test,-91876.78799999994,0
2012-01-13,41,1134767.28,1252310.5828000004,Test,-117543.30280000041,0
2012-01-20,41,1116295.24,1183910.1417999999,Test,-67614.90179999988,0
2012-01-27,41,1079398.81,1145211.7230000005,Test,-65812.91300000041,0
2012-02-03,41,1208825.6,1178570.0803000003,Test,30255.51969999983,0
2012-02-10,41,1238844.56,1251817.5293000008,Test,-12972.969300000696,1
2012-02-17,41,1330451.46,1307503.3038999995,Test,22948.156100000488,0
2012-02-24,41,1224915.66,1290654.2402000001,Test,-65738.5802000002,0
2012-03-02,41,1239813.26,1320239.4650000005,Test,-80426.20500000054,0
2012-03-09,41,1243814.77,1312691.5926000006,Test,-68876.82260000054,0
2012-03-16,41,1201511.62,1229538.1570999997,Test,-28026.53709999961,0
2012-03-23,41,1215354.38,1224857.9660000002,Test,-9503.58600000036,0
2012-03-30,41,1239423.19,1222936.5103000002,Test,16486.679699999746,0
2012-04-06,41,1460234.31,1294507.2246000003,Test,165727.08539999975,0
2012-04-13,41,1323004.73,1325941.901800001,Test,-2937.1718000010587,0
2012-04-20,41,1220815.33,1344092.0361000008,Test,-123276.70610000077,0
2012-04-27,41,1248950.65,1376383.7354999995,Test,-127433.08549999958,0
2012-05-04,41,1359770.73,1334809.4949000007,Test,24961.235099999234,0
2012-05-11,41,1353285.1,1317915.7486000005,Test,35369.35139999958,0
2012-05-18,41,1331514.44,1330309.7386000005,Test,1204.7013999994379,0
2012-05-25,41,1424500.47,1401260.9434000002,Test,23239.52659999975,0
2012-06-01,41,1374891.36,1413587.5920999995,Test,-38696.23209999944,0
2012-06-08,41,1436383.84,1418487.5815999997,Test,17896.2584000004,0
2012-06-15,41,1384584.59,1405707.3029999998,Test,-21122.712999999756,0
2012-06-22,41,1386407.17,1409145.5059999991,Test,-22738.335999999195,0
2012-06-29,41,1355600.01,1395091.1962000001,Test,-39491.18620000011,0
2012-07-06,41,1456300.89,1393078.2383999992,Test,63222.65160000068,0
2012-07-13,41,1332594.07,1386414.4746999997,Test,-53820.404699999606,0
2012-07-20,41,1347175.93,1388026.6147,Test,-40850.6847000001,0
2012-07-27,41,1344723.97,1383339.2248999998,Test,-38615.254899999825,0
2012-08-03,41,1439607.35,1400192.2293,Test,39415.12070000009,0
2012-08-10,41,1504545.94,1430469.7728000006,Test,74076.16719999933,0
2012-08-17,41,1560590.05,1445814.1080999994,Test,114775.94190000067,0
2012-08-24,41,1464462.85,1442622.4782999991,Test,21840.37170000095,0
2012-08-31,41,1360517.52,1462230.1759999997,Test,-101712.65599999973,0
2012-09-07,41,1392143.82,1407524.3283000004,Test,-15380.508300000336,1
2012-09-14,41,1306644.25,1384244.2368999997,Test,-77599.98689999967,0
2012-09-21,41,1276609.36,1330077.0601999997,Test,-53467.700199999614,0
2012-09-28,41,1307928.01,1325408.8638999998,Test,-17480.853899999755,0
2012-10-05,41,1400160.95,1380723.2906999993,Test,19437.65930000064,0
2012-10-12,41,1409544.97,1405890.5613999998,Test,3654.408600000199,0
2012-10-19,41,1326197.24,1369183.092100001,Test,-42985.85210000095,0
2012-10-26,41,1316542.59,1408983.801,Test,-92441.2109999999,0
2010-02-26,42,491510.58,532383.8238000001,Test,-40873.24380000011,0
2010-03-05,42,554972.42,541336.1001000002,Test,13636.319899999886,0
2010-03-12,42,588363.62,562806.4417000002,Test,25557.178299999796,0
2010-03-19,42,519914.1,555723.8996999997,Test,-35809.79969999974,0
2010-03-26,42,478021.68,546423.9199000002,Test,-68402.23990000022,0
2010-04-02,42,505907.41,546655.2113000002,Test,-40747.801300000225,0
2010-04-09,42,582552.26,528962.4249000002,Test,53589.83509999979,0
2010-04-16,42,549528.16,536490.6963000001,Test,13037.463699999964,0
2010-04-23,42,492364.77,550461.5577,Test,-58096.787699999986,0
2010-04-30,42,477615.87,545301.2945000003,Test,-67685.42450000031,0
2010-05-07,42,582846.22,548678.3278000002,Test,34167.89219999977,0
2010-05-14,42,564345.55,541834.6167,Test,22510.933300000033,0
2010-05-21,42,504403.16,545436.5846999999,Test,-41033.424699999916,0
2010-05-28,42,484097.03,544179.9519000001,Test,-60082.921900000074,0
2010-06-04,42,556046.12,547357.6655000001,Test,8688.454499999876,0
2010-06-11,42,607218.6,564754.6744000003,Test,42463.925599999726,0
2010-06-18,42,529418.64,553670.8379999996,Test,-24252.197999999626,0
2010-06-25,42,484327.56,530386.6199999999,Test,-46059.05999999988,0
2010-07-02,42,507168.8,560086.5865000002,Test,-52917.78650000022,0
2010-07-09,42,570069.48,519499.76020000014,Test,50569.719799999846,0
2010-07-16,42,558837.27,531765.9757,Test,27071.294300000067,0
2010-07-23,42,491115.86,533566.4888,Test,-42450.628800000064,0
2010-07-30,42,469598.57,523824.0544000002,Test,-54225.48440000019,0
2010-08-06,42,579544.21,537571.3855000001,Test,41972.82449999987,0
2010-08-13,42,583079.97,532118.5623,Test,50961.40769999998,0
2010-08-20,42,500945.63,531364.5626000001,Test,-30418.93260000006,0
2010-08-27,42,465993.51,532890.6574000001,Test,-66897.14740000013,0
2010-09-03,42,524658.06,507534.99559999997,Test,17123.06440000009,0
2010-09-10,42,589091.04,532445.3417000001,Test,56645.69829999993,1
2010-09-17,42,536871.58,527024.8131000001,Test,9846.766899999813,0
2010-09-24,42,492262.96,529383.1506,Test,-37120.19060000003,0
2010-10-01,42,481523.93,534046.6943000002,Test,-52522.76430000021,0
2010-10-08,42,599759.45,568455.6158999999,Test,31303.834100000095,0
2010-10-15,42,559285.35,529735.6192999999,Test,29549.730700000073,0
2010-10-22,42,522467.51,541619.6872999998,Test,-19152.17729999975,0
2010-10-29,42,476967.65,539979.6674999999,Test,-63012.01749999984,0
2010-11-05,42,565390.4,592210.2605999997,Test,-26819.860599999665,0
2010-11-12,42,588592.61,540496.7774999997,Test,48095.83250000025,0
2010-11-19,42,524316.21,537798.2664999998,Test,-13482.056499999831,0
2010-11-26,42,522296.71,587476.1484999999,Test,-65179.43849999987,1
2010-12-03,42,500250.8,554769.4422999998,Test,-54518.642299999774,0
2010-12-10,42,585175.24,566774.6321999999,Test,18400.607800000114,0
2010-12-17,42,537455.65,546569.7703999998,Test,-9114.120399999782,0
2010-12-24,42,555075.27,545201.5566999998,Test,9873.713300000178,0
2010-12-31,42,428953.6,557516.0606,Test,-128562.46059999999,1
2011-01-07,42,592947.75,551847.6363,Test,41100.11369999999,0
2011-01-14,42,613899.15,555539.4639,Test,58359.68610000005,0
2011-01-21,42,533414.62,559939.4414,Test,-26524.821400000015,0
2011-01-28,42,499081.79,541759.3390000004,Test,-42677.54900000041,0
2011-02-04,42,586886.16,562836.0212999999,Test,24050.138700000127,0
2011-02-11,42,628063.88,587653.2977000002,Test,40410.582299999776,1
2011-02-18,42,556485.1,613626.1151999998,Test,-57141.01519999979,0
2011-02-25,42,526904.08,573173.7191000002,Test,-46269.63910000026,0
2011-03-04,42,570879.04,559520.965,Test,11358.07500000007,0
2011-03-11,42,607294.56,570323.965,Test,36970.59500000009,0
2011-03-18,42,558239.32,582812.2928,Test,-24572.972800000105,0
2011-03-25,42,522673.62,570387.0973999999,Test,-47713.47739999986,0
2011-04-01,42,508432.17,546396.1787000002,Test,-37964.00870000018,0
2011-04-08,42,620087.35,538744.7198999999,Test,81342.63010000007,0
2011-04-15,42,597644.02,566701.8114000002,Test,30942.20859999978,0
2011-04-22,42,534597.69,579868.5365,Test,-45270.8465000001,0
2011-04-29,42,496010.17,552428.3718000002,Test,-56418.20180000021,0
2011-05-06,42,612337.35,566323.8392999999,Test,46013.5107000001,0
2011-05-13,42,603024.75,570275.3809000002,Test,32749.369099999778,0
2011-05-20,42,524559.95,575199.5938000001,Test,-50639.643800000194,0
2011-05-27,42,503295.29,546005.7916000006,Test,-42710.5016000006,0
2011-06-03,42,545109.3,552846.8059999997,Test,-7737.505999999703,0
2011-06-10,42,616701.99,562266.2899000004,Test,54435.70009999955,0
2011-06-17,42,546675.65,563496.6050999999,Test,-16820.955099999905,0
2011-06-24,42,501780.66,561800.6879000005,Test,-60020.02790000051,0
2011-07-01,42,506343.83,550971.6223999998,Test,-44627.792399999744,0
2011-07-08,42,593234.27,547517.7508,Test,45716.51919999998,0
2011-07-15,42,591703.82,551743.5203000001,Test,39960.29969999986,0
2011-07-22,42,511316.29,550016.1357999999,Test,-38699.84579999995,0
2011-07-29,42,479256.8,523783.001,Test,-44526.201,0
2011-08-05,42,572603.33,593694.6649,Test,-21091.334900000016,0
2011-08-12,42,603147.26,542703.9117999999,Test,60443.348200000124,0
2011-08-19,42,526641.23,554909.9286999997,Test,-28268.698699999717,0
2011-08-26,42,503720.98,545889.6197,Test,-42168.63970000006,0
2011-09-02,42,537124.76,544586.0174999998,Test,-7461.257499999832,0
2011-09-09,42,608390.94,529187.4855,Test,79203.45449999999,1
2011-09-16,42,576837.09,557931.5262000001,Test,18905.563799999887,0
2011-09-23,42,528486.45,555824.6456000002,Test,-27338.19560000021,0
2011-09-30,42,510243.79,539221.9480000004,Test,-28978.15800000046,0
2011-10-07,42,649111.23,569799.9589000002,Test,79311.27109999978,0
2011-10-14,42,613531.11,577661.7172999999,Test,35869.392700000084,0
2011-10-21,42,537276.41,575607.2890999998,Test,-38330.87909999979,0
2011-10-28,42,515599.7,562049.2026000001,Test,-46449.502600000065,0
2011-11-04,42,597667.21,575235.1086000002,Test,22432.10139999981,0
2011-11-11,42,643125.29,578165.9097000002,Test,64959.380299999844,0
2011-11-18,42,567673.87,571039.1761000003,Test,-3365.306100000278,0
2011-11-25,42,577698.37,631375.4841000002,Test,-53677.11410000024,1
2011-12-02,42,511883.36,586749.8213000001,Test,-74866.46130000008,0
2011-12-09,42,619133.48,604106.3125000001,Test,15027.167499999865,0
2011-12-16,42,598437.98,592836.0604000002,Test,5601.91959999979,0
2011-12-23,42,575676.13,598262.9704000002,Test,-22586.84040000022,0
2011-12-30,42,454412.28,577501.9563000002,Test,-123089.67630000017,1
2012-01-06,42,636372.37,559615.0454999995,Test,76757.32450000045,0
2012-01-13,42,664348.2,541902.0048,Test,122446.19519999996,0
2012-01-20,42,579499.93,579928.2050000001,Test,-428.2750000000233,0
2012-01-27,42,538978.67,599172.5994999998,Test,-60193.92949999974,0
2012-02-03,42,588448.21,602644.996,Test,-14196.78600000008,0
2012-02-10,42,674919.45,602432.4084999999,Test,72487.04150000005,1
2012-02-17,42,606671.5,584869.7623999995,Test,21801.73760000046,0
2012-02-24,42,564304.15,606175.3210000001,Test,-41871.17100000009,0
2012-03-02,42,585895.34,618405.3296,Test,-32509.989600000088,0
2012-03-09,42,659816.15,606566.2092,Test,53249.94079999998,0
2012-03-16,42,618767.26,600475.5167999995,Test,18291.743200000492,0
2012-03-23,42,561226.38,610465.9479999999,Test,-49239.567999999854,0
2012-03-30,42,544408.14,619724.5458000001,Test,-75316.40580000007,0
2012-04-06,42,652312.11,607193.9890999999,Test,45118.120900000096,0
2012-04-13,42,639123.45,590650.1679999992,Test,48473.282000000705,0
2012-04-20,42,552529.23,599648.5197999995,Test,-47119.28979999956,0
2012-04-27,42,526625.49,607178.0594000001,Test,-80552.56940000015,0
2012-05-04,42,609274.89,600626.9779000003,Test,8647.912099999725,0
2012-05-11,42,643603.69,564438.1285999999,Test,79165.5614,0
2012-05-18,42,590636.38,597845.2939999994,Test,-7208.913999999408,0
2012-05-25,42,535764.58,610869.4315,Test,-75104.85149999999,0
2012-06-01,42,521953.78,560760.6755000001,Test,-38806.8955000001,0
2012-06-08,42,642671.48,594365.1655000001,Test,48306.31449999986,0
2012-06-15,42,606309.13,566483.6416000001,Test,39825.488399999915,0
2012-06-22,42,540031.29,578336.5068999999,Test,-38305.21689999988,0
2012-06-29,42,507403.77,564947.1296000003,Test,-57543.359600000316,0
2012-07-06,42,618702.09,573073.1455000001,Test,45628.94449999987,0
2012-07-13,42,628099.08,571844.5391999999,Test,56254.540800000075,0
2012-07-20,42,530318.39,567486.5185999998,Test,-37168.12859999982,0
2012-07-27,42,516352.21,566867.0354000002,Test,-50514.82540000015,0
2012-08-03,42,573084.71,554838.3612000002,Test,18246.348799999803,0
2012-08-10,42,576620.31,551162.3603000003,Test,25457.949699999765,0
2012-08-17,42,575997.78,560076.0466000002,Test,15921.733399999794,0
2012-08-24,42,535537.03,565266.7442,Test,-29729.71419999993,0
2012-08-31,42,504760.57,549833.2004000002,Test,-45072.6304000002,0
2012-09-07,42,617405.35,572510.862,Test,44894.48800000001,1
2012-09-14,42,586737.66,563721.3066000002,Test,23016.35339999979,0
2012-09-21,42,527165.7,553365.3940000003,Test,-26199.694000000367,0
2012-09-28,42,505978.46,545710.8216000004,Test,-39732.36160000035,0
2012-10-05,42,593162.53,565420.0824999999,Test,27742.447500000126,0
2012-10-12,42,612379.9,554828.7898000001,Test,57551.11019999988,0
2012-10-19,42,541406.98,561830.8430000002,Test,-20423.863000000245,0
2012-10-26,42,514756.08,556192.0140000003,Test,-41435.9340000003,0
2010-02-26,43,618702.79,668106.0936000004,Test,-49403.303600000334,0
2010-03-05,43,658600.05,682643.4115000006,Test,-24043.36150000058,0
2010-03-12,43,645386.94,659242.3756000003,Test,-13855.435600000317,0
2010-03-19,43,668098.49,663212.4344000001,Test,4886.055599999847,0
2010-03-26,43,623097.93,662877.7163000002,Test,-39779.78630000015,0
2010-04-02,43,650102.8,667096.5924000003,Test,-16993.792400000268,0
2010-04-09,43,693058.34,680068.0405000005,Test,12990.299499999499,0
2010-04-16,43,675282.2,681995.0019000003,Test,-6712.801900000311,0
2010-04-23,43,638957.35,701370.2688000004,Test,-62412.91880000045,0
2010-04-30,43,630740.11,681417.9563000004,Test,-50677.84630000044,0
2010-05-07,43,691498.6,680447.2939000004,Test,11051.30609999958,0
2010-05-14,43,690851.59,691758.8559999999,Test,-907.265999999945,0
2010-05-21,43,672062.08,692018.7727999999,Test,-19956.69279999996,0
2010-05-28,43,630315.76,692415.8012000002,Test,-62100.04120000021,0
2010-06-04,43,682012.53,685845.0433000001,Test,-3832.513300000108,0
2010-06-11,43,684023.95,684992.3778000001,Test,-968.4278000001796,0
2010-06-18,43,700009.77,692280.3467999998,Test,7729.423200000194,0
2010-06-25,43,625196.14,694496.5806999995,Test,-69300.44069999945,0
2010-07-02,43,667353.79,683427.5418000002,Test,-16073.751800000202,0
2010-07-09,43,718748.33,690950.0557,Test,27798.274299999932,0
2010-07-16,43,696844.36,695130.7785999997,Test,1713.5814000002574,0
2010-07-23,43,649035.55,695905.3721999999,Test,-46869.82219999982,0
2010-07-30,43,622112.23,679717.6008000002,Test,-57605.370800000266,0
2010-08-06,43,698536.06,673677.9332000001,Test,24858.12679999997,0
2010-08-13,43,713479.91,682911.2259999999,Test,30568.684000000125,0
2010-08-20,43,712869.09,700479.8787999998,Test,12389.211200000136,0
2010-08-27,43,655284.69,702367.3859999996,Test,-47082.69599999965,0
2010-09-03,43,689326.91,683437.0792000005,Test,5889.83079999953,0
2010-09-10,43,722120.04,692458.2223000004,Test,29661.817699999665,1
2010-09-17,43,725043.04,700080.8779999996,Test,24962.162000000477,0
2010-09-24,43,650263.95,700113.0369999995,Test,-49849.08699999959,0
2010-10-01,43,657108.77,683040.8658000004,Test,-25932.09580000036,0
2010-10-08,43,713332.54,684064.7272000003,Test,29267.812799999723,0
2010-10-15,43,699852.68,704026.1274999997,Test,-4173.44749999966,0
2010-10-22,43,680943.03,705511.0453000001,Test,-24568.015300000086,0
2010-10-29,43,610076.32,695365.4776000001,Test,-85289.15760000015,0
2010-11-05,43,605960.2,661406.6737999999,Test,-55446.47379999992,0
2010-11-12,43,595421.23,626004.5008999998,Test,-30583.27089999977,0
2010-11-19,43,589467.35,588207.8671000001,Test,1259.482899999828,0
2010-11-26,43,633520.34,623056.2940000002,Test,10464.04599999974,1
2010-12-03,43,557543.62,599386.5582999998,Test,-41842.938299999805,0
2010-12-10,43,598679.02,607198.3208999999,Test,-8519.300899999915,0
2010-12-17,43,615761.77,601692.4870000003,Test,14069.282999999705,0
2010-12-24,43,656637.63,609264.0019000003,Test,47373.62809999974,0
2010-12-31,43,534740.3,621328.6954,Test,-86588.39539999992,1
2011-01-07,43,611796.61,531580.1382,Test,80216.47179999994,0
2011-01-14,43,614940.07,540842.3847000002,Test,74097.68529999978,0
2011-01-21,43,601004.79,586411.3792999998,Test,14593.41070000024,0
2011-01-28,43,562558.27,611915.3300000001,Test,-49357.060000000056,0
2011-02-04,43,651521.77,615057.0411999996,Test,36464.72880000039,0
2011-02-11,43,635650.98,615622.9488000001,Test,20028.031199999852,1
2011-02-18,43,626627.77,613051.3789000002,Test,13576.391099999775,0
2011-02-25,43,592340.01,634485.7552000001,Test,-42145.74520000012,0
2011-03-04,43,616345.25,624325.2289,Test,-7979.978899999987,0
2011-03-11,43,629026.75,622844.4294,Test,6182.320599999977,0
2011-03-18,43,635171.05,627142.9602000001,Test,8028.089799999958,0
2011-03-25,43,585989.1,622145.8401000001,Test,-36156.74010000017,0
2011-04-01,43,611585.54,641811.7333,Test,-30226.193299999926,0
2011-04-08,43,650418.75,634273.9446999999,Test,16144.805300000124,0
2011-04-15,43,635758.03,634488.6243999999,Test,1269.4056000001729,0
2011-04-22,43,638280.67,658301.0797000002,Test,-20020.409700000193,0
2011-04-29,43,611464.21,658470.1788000002,Test,-47005.968800000264,0
2011-05-06,43,649148.74,662939.2345000003,Test,-13790.494500000263,0
2011-05-13,43,684655.91,681599.3559000002,Test,3056.554099999834,0
2011-05-20,43,648330.18,674794.4862,Test,-26464.30619999999,0
2011-05-27,43,578209.63,660076.5994000002,Test,-81866.96940000018,0
2011-06-03,43,630972.15,666922.77,Test,-35950.619999999995,0
2011-06-10,43,643041.71,651137.4104999998,Test,-8095.700499999803,0
2011-06-17,43,665781.74,654433.3457999999,Test,11348.394200000097,0
2011-06-24,43,604925.08,652029.2066,Test,-47104.126600000076,0
2011-07-01,43,586781.78,653992.6804999998,Test,-67210.90049999976,0
2011-07-08,43,651147.83,658097.6818999999,Test,-6949.851899999892,0
2011-07-15,43,631827.38,631670.0649999998,Test,157.31500000017695,0
2011-07-22,43,597354.39,630352.0856999996,Test,-32997.695699999575,0
2011-07-29,43,533917.52,610106.9893,Test,-76189.4693,0
2011-08-05,43,605956.59,616094.4966999998,Test,-10137.906699999818,0
2011-08-12,43,595626.56,580389.0924999999,Test,15237.467500000144,0
2011-08-19,43,663396.32,608842.8410000001,Test,54553.47899999982,0
2011-08-26,43,561573.08,613732.5364999999,Test,-52159.45649999997,0
2011-09-02,43,594224.9,618749.1609,Test,-24524.260899999994,0
2011-09-09,43,649128.23,634201.9585999994,Test,14926.27140000055,1
2011-09-16,43,618877.13,606552.7789000002,Test,12324.351099999854,0
2011-09-23,43,586108.13,626305.9643,Test,-40197.83429999999,0
2011-09-30,43,555183.72,597692.0609000002,Test,-42508.340900000185,0
2011-10-07,43,642828.62,603469.6887000002,Test,39358.93129999982,0
2011-10-14,43,590984.56,589292.3457000002,Test,1692.214299999876,0
2011-10-21,43,594625.96,591193.3413000002,Test,3432.618699999759,0
2011-10-28,43,572516.57,592260.2251000002,Test,-19743.655100000207,0
2011-11-04,43,641905.37,608700.9479,Test,33204.42209999997,0
2011-11-11,43,615975.5,597302.2851999999,Test,18673.214800000074,0
2011-11-18,43,628115.61,612182.3544999998,Test,15933.255500000203,0
2011-11-25,43,669965.22,660113.6296999999,Test,9851.59030000004,1
2011-12-02,43,585028.26,624718.2173999998,Test,-39689.95739999984,0
2011-12-09,43,617898.07,637546.4938999999,Test,-19648.423899999936,0
2011-12-16,43,665007.08,637665.1407000001,Test,27341.939299999853,0
2011-12-23,43,676290.46,670924.5697999999,Test,5365.8902000000235,0
2011-12-30,43,505405.85,630007.7021999997,Test,-124601.85219999973,1
2012-01-06,43,670993.01,590450.0396000004,Test,80542.97039999964,0
2012-01-13,43,663529.64,541073.6984000006,Test,122455.94159999944,0
2012-01-20,43,619225.65,572714.3154000001,Test,46511.334599999944,0
2012-01-27,43,587685.38,627062.2412000004,Test,-39376.86120000039,0
2012-02-03,43,629176.71,631228.1025000002,Test,-2051.392500000191,0
2012-02-10,43,662198.65,617790.7426000001,Test,44407.90739999991,1
2012-02-17,43,660632.05,624959.7545000003,Test,35672.295499999775,0
2012-02-24,43,613042.97,627464.8324000002,Test,-14421.862400000216,0
2012-03-02,43,693249.98,693662.4871000004,Test,-412.50710000039544,0
2012-03-09,43,636677.67,659993.7416000001,Test,-23316.071600000025,0
2012-03-16,43,661707.02,671517.4278000003,Test,-9810.407800000277,0
2012-03-23,43,610940.94,664140.1011000003,Test,-53199.161100000376,0
2012-03-30,43,623258.4,636777.8476000003,Test,-13519.447600000305,0
2012-04-06,43,658468.27,643983.1801000003,Test,14485.089899999672,0
2012-04-13,43,665687.92,634962.8043000002,Test,30725.11569999985,0
2012-04-20,43,638144.98,660703.9935000003,Test,-22559.01350000035,0
2012-04-27,43,593138.59,641807.6391000003,Test,-48669.049100000295,0
2012-05-04,43,637964.2,642061.2828000003,Test,-4097.082800000324,0
2012-05-11,43,640159.04,629544.1807000003,Test,10614.859299999778,0
2012-05-18,43,648541.81,634237.5254000003,Test,14304.28459999978,0
2012-05-25,43,597406.39,628374.8421000002,Test,-30968.452100000228,0
2012-06-01,43,605078.62,631140.8788000001,Test,-26062.25880000007,0
2012-06-08,43,643032.51,633128.3424000002,Test,9904.167599999812,0
2012-06-15,43,634815.1,613979.2251,Test,20835.874899999937,0
2012-06-22,43,613270.79,628142.7580000003,Test,-14871.968000000226,0
2012-06-29,43,593128.13,613217.5851999999,Test,-20089.45519999985,0
2012-07-06,43,645618.59,625867.3724,Test,19751.217599999974,0
2012-07-13,43,627634.04,604832.4718000002,Test,22801.568199999863,0
2012-07-20,43,596554.05,606386.1575,Test,-9832.107499999925,0
2012-07-27,43,572447.52,602730.5857,Test,-30283.065700000036,0
2012-08-03,43,614378.94,600888.3073000002,Test,13490.632699999725,0
2012-08-10,43,643558.78,594528.5612000002,Test,49030.2187999998,0
2012-08-17,43,640210.85,608078.6405999997,Test,32132.209400000283,0
2012-08-24,43,598234.64,615845.3561999999,Test,-17610.716199999908,0
2012-08-31,43,593141.29,604750.1665999996,Test,-11608.87659999961,0
2012-09-07,43,663814.18,618410.0547999998,Test,45404.12520000024,1
2012-09-14,43,625196.94,604686.1568,Test,20510.783199999947,0
2012-09-21,43,601990.02,599782.7249999997,Test,2207.2950000002747,0
2012-09-28,43,577792.32,605539.2452999998,Test,-27746.925299999886,0
2012-10-05,43,642614.89,605452.1592999999,Test,37162.73070000007,0
2012-10-12,43,619369.72,598562.1531000003,Test,20807.566899999627,0
2012-10-19,43,623919.23,601954.3118999999,Test,21964.918100000126,0
2012-10-26,43,587603.55,602089.4510999997,Test,-14485.901099999668,0
2010-02-26,44,273079.07,283689.9704,Test,-10610.900399999984,0
2010-03-05,44,284617.27,283927.80170000007,Test,689.4682999999495,0
2010-03-12,44,272190.83,275355.5656000001,Test,-3164.7356000000727,0
2010-03-19,44,269624.2,279227.4564,Test,-9603.256400000013,0
2010-03-26,44,276279.49,278760.1606,Test,-2480.670600000012,0
2010-04-02,44,286197.5,277646.8132999999,Test,8550.686700000078,0
2010-04-09,44,257361.3,279625.09060000017,Test,-22263.790600000182,0
2010-04-16,44,280048.74,276335.0436000001,Test,3713.696399999899,0
2010-04-23,44,278287.04,274550.43100000004,Test,3736.6089999999385,0
2010-04-30,44,272997.65,276358.05180000013,Test,-3360.401800000109,0
2010-05-07,44,285379.86,277908.51170000003,Test,7471.348299999954,0
2010-05-14,44,286515.92,275262.64929999993,Test,11253.270700000052,0
2010-05-21,44,267065.35,274534.48160000006,Test,-7469.131600000081,0
2010-05-28,44,291891.01,279377.12080000003,Test,12513.889199999976,0
2010-06-04,44,282351.82,269911.94830000005,Test,12439.87169999996,0
2010-06-11,44,296818.2,270807.2615000001,Test,26010.93849999993,0
2010-06-18,44,293481.36,285650.5268999998,Test,7830.8331000001635,0
2010-06-25,44,288247.24,283294.7877999999,Test,4952.452200000116,0
2010-07-02,44,300628.19,288131.97669999977,Test,12496.213300000236,0
2010-07-09,44,280472.78,284253.4954999999,Test,-3780.7154999998747,0
2010-07-16,44,297099.95,286931.17879999994,Test,10168.771200000076,0
2010-07-23,44,292680.16,285827.5384999997,Test,6852.621500000299,0
2010-07-30,44,275020.96,279772.7276999997,Test,-4751.767699999677,0
2010-08-06,44,296804.49,296531.80740000005,Test,272.6825999999419,0
2010-08-13,44,291028.09,278650.7847999998,Test,12377.305200000235,0
2010-08-20,44,284740.5,279947.35689999966,Test,4793.143100000336,0
2010-08-27,44,293155.08,286069.80489999993,Test,7085.275100000086,0
2010-09-03,44,295880.12,285561.99249999993,Test,10318.12750000006,0
2010-09-10,44,283455.13,280808.3891999999,Test,2646.740800000087,1
2010-09-17,44,279364.13,283864.93240000005,Test,-4500.802400000044,0
2010-09-24,44,281313.78,280156.8658000001,Test,1156.914199999941,0
2010-10-01,44,300152.45,286254.5846,Test,13897.86540000001,0
2010-10-08,44,279524.44,279321.7703000001,Test,202.66969999991124,0
2010-10-15,44,268708.43,275442.64119999995,Test,-6734.2111999999615,0
2010-10-22,44,270110.3,278478.04480000003,Test,-8367.744800000044,0
2010-10-29,44,286497.49,274656.2057999999,Test,11841.284200000111,0
2010-11-05,44,270516.84,271573.65210000006,Test,-1056.8121000000392,0
2010-11-12,44,281909.79,279687.8926999999,Test,2221.8973000000697,0
2010-11-19,44,284322.52,276379.92489999987,Test,7942.595100000151,0
2010-11-26,44,307646.5,293774.8229999999,Test,13871.677000000083,1
2010-12-03,44,264214.12,280119.8484,Test,-15905.728400000022,0
2010-12-10,44,278253.28,283358.9042999999,Test,-5105.62429999985,0
2010-12-17,44,278646.35,280436.9306999999,Test,-1790.5806999999331,0
2010-12-24,44,365098.24,300868.4898,Test,64229.75020000001,0
2010-12-31,44,241937.11,296863.6417,Test,-54926.53169999999,1
2011-01-07,44,288320.38,301201.62130000006,Test,-12881.241300000052,0
2011-01-14,44,292859.36,300373.35579999996,Test,-7513.995799999975,0
2011-01-21,44,276157.8,275749.84810000006,Test,407.95189999992726,0
2011-01-28,44,276011.4,282732.1993,Test,-6720.799299999955,0
2011-02-04,44,293953.08,287465.66829999996,Test,6487.411700000055,0
2011-02-11,44,307486.73,289112.3813999999,Test,18374.348600000085,1
2011-02-18,44,280785.76,290188.1347,Test,-9402.374699999986,0
2011-02-25,44,279427.93,294374.4418000001,Test,-14946.511800000095,0
2011-03-04,44,293984.54,297958.52000000014,Test,-3973.980000000156,0
2011-03-11,44,284496.14,279963.6456,Test,4532.494400000025,0
2011-03-18,44,281699.68,275914.5645,Test,5785.115500000014,0
2011-03-25,44,285031.81,290688.8047000001,Test,-5656.9947000000975,0
2011-04-01,44,281514.26,277987.5326,Test,3526.7274000000325,0
2011-04-08,44,292498.61,280121.5057,Test,12377.104300000006,0
2011-04-15,44,289667.55,288907.0875,Test,760.4624999999651,0
2011-04-22,44,280357.3,281078.1874000001,Test,-720.8874000001233,0
2011-04-29,44,281247.97,282201.86310000013,Test,-953.8931000001612,0
2011-05-06,44,299354.67,283355.86860000016,Test,15998.801399999822,0
2011-05-13,44,307095.31,299190.0834000001,Test,7905.226599999878,0
2011-05-20,44,303559.23,300414.3377,Test,3144.892300000007,0
2011-05-27,44,308442.49,305151.3054000001,Test,3291.1845999998623,0
2011-06-03,44,308950.04,302187.58610000013,Test,6762.453899999848,0
2011-06-10,44,308770.42,305103.3964000002,Test,3667.023599999782,0
2011-06-17,44,300255.87,305871.75470000017,Test,-5615.88470000017,0
2011-06-24,44,296765.59,308869.1549000001,Test,-12103.564900000056,0
2011-07-01,44,315273.08,307046.9855000001,Test,8226.09449999989,0
2011-07-08,44,295339.01,301387.2475000001,Test,-6048.237500000105,0
2011-07-15,44,289201.21,303844.6286,Test,-14643.418599999975,0
2011-07-22,44,303108.81,302071.92419999995,Test,1036.8858000000473,0
2011-07-29,44,279677.0,289711.3805,Test,-10034.380500000028,0
2011-08-05,44,298080.45,295861.5797,Test,2218.8703000000096,0
2011-08-12,44,290399.66,294534.23919999995,Test,-4134.579199999978,0
2011-08-19,44,290909.69,284410.96760000003,Test,6498.72239999997,0
2011-08-26,44,324174.79,302159.6591,Test,22015.13089999999,0
2011-09-02,44,309543.52,304211.96770000004,Test,5331.552299999981,0
2011-09-09,44,295811.25,304340.9608000001,Test,-8529.710800000117,1
2011-09-16,44,303974.28,304458.22849999997,Test,-483.9484999999404,0
2011-09-23,44,307409.13,303260.4378000001,Test,4148.692199999932,0
2011-09-30,44,299757.75,299633.0133,Test,124.73670000000857,0
2011-10-07,44,312577.36,309651.10209999996,Test,2926.257900000026,0
2011-10-14,44,293031.78,307695.4128,Test,-14663.632799999963,0
2011-10-21,44,305969.81,306419.40769999987,Test,-449.5976999998675,0
2011-10-28,44,306336.07,306412.9033,Test,-76.83329999999842,0
2011-11-04,44,307126.34,307007.71359999996,Test,118.6264000000665,0
2011-11-11,44,312233.56,302870.4689,Test,9363.09110000002,0
2011-11-18,44,310531.04,304983.28680000006,Test,5547.753199999919,0
2011-11-25,44,309129.01,304370.1927,Test,4758.817299999995,1
2011-12-02,44,284309.34,305858.5749,Test,-21549.23489999998,0
2011-12-09,44,304300.91,302714.1108999999,Test,1586.799100000062,0
2011-12-16,44,311144.16,305216.1661,Test,5927.993900000001,0
2011-12-23,44,376233.89,303172.4348000002,Test,73061.4551999998,0
2011-12-30,44,263917.85,299452.48010000004,Test,-35534.63010000007,1
2012-01-06,44,325327.93,293155.64320000034,Test,32172.286799999652,0
2012-01-13,44,312361.88,296033.38500000024,Test,16328.494999999763,0
2012-01-20,44,316948.39,305090.5348,Test,11857.85519999999,0
2012-01-27,44,308295.38,299619.6946000002,Test,8675.685399999784,0
2012-02-03,44,325986.05,303135.6423000002,Test,22850.407699999807,0
2012-02-10,44,325377.97,303719.66630000016,Test,21658.303699999815,1
2012-02-17,44,320691.21,300795.1466000002,Test,19896.06339999981,0
2012-02-24,44,315641.8,299420.1289000002,Test,16221.671099999803,0
2012-03-02,44,316687.22,301398.3188000002,Test,15288.90119999979,0
2012-03-09,44,303438.24,300729.4951000001,Test,2708.744899999874,0
2012-03-16,44,331965.95,307917.6164000002,Test,24048.333599999838,0
2012-03-23,44,296947.06,302630.2743,Test,-5683.214299999992,0
2012-03-30,44,310027.29,309134.15610000014,Test,893.1338999998407,0
2012-04-06,44,320021.1,308026.53650000016,Test,11994.563499999815,0
2012-04-13,44,311390.22,307631.38240000024,Test,3758.837599999737,0
2012-04-20,44,323233.8,310211.68330000015,Test,13022.116699999839,0
2012-04-27,44,330338.36,308413.2599000001,Test,21925.100099999865,0
2012-05-04,44,326053.28,305946.0924000002,Test,20107.18759999983,0
2012-05-11,44,341381.08,312194.30470000004,Test,29186.77529999998,0
2012-05-18,44,334042.43,320856.90909999993,Test,13185.520900000061,0
2012-05-25,44,343268.29,321126.1499999999,Test,22142.140000000072,0
2012-06-01,44,323410.94,321935.67669999995,Test,1475.2633000000496,0
2012-06-08,44,340238.38,322380.75130000006,Test,17857.628699999943,0
2012-06-15,44,338400.82,322179.50529999996,Test,16221.314700000046,0
2012-06-22,44,336241.0,324539.0751000001,Test,11701.924899999925,0
2012-06-29,44,338386.08,323780.31260000006,Test,14605.767399999953,0
2012-07-06,44,358461.58,337970.9483000001,Test,20490.63169999991,0
2012-07-13,44,336479.49,329511.99080000026,Test,6967.499199999729,0
2012-07-20,44,337819.16,330568.0214000002,Test,7251.138599999773,0
2012-07-27,44,319855.26,321859.4916000001,Test,-2004.2316000001156,0
2012-08-03,44,342385.38,324115.98040000023,Test,18269.39959999977,0
2012-08-10,44,333594.81,323861.62160000013,Test,9733.188399999868,0
2012-08-17,44,327389.51,321217.60900000023,Test,6171.90099999978,0
2012-08-24,44,337985.74,322745.8691000001,Test,15239.870899999863,0
2012-08-31,44,339490.69,325078.5353000001,Test,14412.154699999897,0
2012-09-07,44,338737.33,327719.1979000001,Test,11018.13209999993,1
2012-09-14,44,347726.67,323849.1721000001,Test,23877.4978999999,0
2012-09-21,44,336017.6,324646.0648999999,Test,11371.535100000096,0
2012-09-28,44,355307.94,332559.9918999999,Test,22747.948100000096,0
2012-10-05,44,337390.44,332665.78959999996,Test,4724.650400000042,0
2012-10-12,44,337796.13,321962.95920000004,Test,15833.170799999963,0
2012-10-19,44,323766.77,320088.95530000003,Test,3677.814699999988,0
2012-10-26,44,361067.07,323317.50220000016,Test,37749.567799999844,0
2010-02-26,45,741891.65,804833.3790999998,Test,-62941.729099999764,0
2010-03-05,45,777951.22,761441.1221,Test,16510.097899999935,0
2010-03-12,45,765687.42,796414.9658999998,Test,-30727.545899999794,0
2010-03-19,45,773819.49,769844.2259999998,Test,3975.2640000001993,0
2010-03-26,45,782563.38,779960.1622999999,Test,2603.217700000154,0
2010-04-02,45,877235.96,797347.861,Test,79888.09899999993,0
2010-04-09,45,833782.7,809226.6569000008,Test,24556.043099999195,0
2010-04-16,45,782221.96,808618.8292000005,Test,-26396.86920000054,0
2010-04-23,45,749779.1,804215.8022000004,Test,-54436.70220000041,0
2010-04-30,45,737265.57,780800.6136,Test,-43535.04360000009,0
2010-05-07,45,812190.76,779504.5616,Test,32686.198399999994,0
2010-05-14,45,758182.2,773214.9536999997,Test,-15032.753699999768,0
2010-05-21,45,747888.25,773877.7705,Test,-25989.520499999984,0
2010-05-28,45,801098.43,791607.1751000002,Test,9491.254899999825,0
2010-06-04,45,837548.62,793546.1928999997,Test,44002.42710000032,0
2010-06-11,45,794698.77,791329.2639000001,Test,3369.5060999998823,0
2010-06-18,45,815130.5,804444.0768000006,Test,10686.423199999379,0
2010-06-25,45,792299.15,807761.2762000002,Test,-15462.126200000173,0
2010-07-02,45,800147.84,791089.3089000004,Test,9058.531099999556,0
2010-07-09,45,787062.0,789272.3592999999,Test,-2210.3592999998946,0
2010-07-16,45,723708.99,772620.7619999998,Test,-48911.771999999764,0
2010-07-23,45,714601.11,771899.8397,Test,-57298.729700000025,0
2010-07-30,45,716859.27,758311.0659000002,Test,-41451.79590000014,0
2010-08-06,45,746517.32,751476.9665000001,Test,-4959.646500000148,0
2010-08-13,45,722262.21,748653.8017000001,Test,-26391.591700000106,0
2010-08-20,45,708568.29,748274.2051999999,Test,-39705.915199999814,0
2010-08-27,45,721744.33,758180.8371000001,Test,-36436.50710000016,0
2010-09-03,45,790144.7,756957.4671000002,Test,33187.23289999971,0
2010-09-10,45,721460.22,732548.2681000002,Test,-11088.048100000247,1
2010-09-17,45,716987.58,770638.7996000003,Test,-53651.2196000003,0
2010-09-24,45,678228.58,767168.8058000004,Test,-88940.22580000048,0
2010-10-01,45,690007.76,700845.4444000002,Test,-10837.684400000144,0
2010-10-08,45,745782.1,717593.8770000002,Test,28188.222999999765,0
2010-10-15,45,715263.3,729312.3145,Test,-14049.014499999932,0
2010-10-22,45,730899.37,743502.0622,Test,-12602.692200000049,0
2010-10-29,45,732859.76,757995.3934000003,Test,-25135.633400000283,0
2010-11-05,45,764014.06,748111.3166999999,Test,15902.743300000206,0
2010-11-12,45,765648.93,738814.1478999999,Test,26834.782100000186,0
2010-11-19,45,723987.85,750025.4776999999,Test,-26037.627699999954,0
2010-11-26,45,1182500.16,1129978.1094999998,Test,52522.05050000013,1
2010-12-03,45,879244.9,758027.5531999997,Test,121217.34680000029,0
2010-12-10,45,1002364.34,1015594.4918000002,Test,-13230.151800000225,0
2010-12-17,45,1123282.85,1072714.2212999999,Test,50568.628700000234,0
2010-12-24,45,1682862.03,1454509.4364000002,Test,228352.5935999998,0
2010-12-31,45,679156.2,813553.3227999993,Test,-134397.1227999993,1
2011-01-07,45,680254.35,857114.3264000006,Test,-176859.97640000063,0
2011-01-14,45,654018.95,661009.0938000001,Test,-6990.1438000001945,0
2011-01-21,45,644285.33,659642.5983000003,Test,-15357.268300000345,0
2011-01-28,45,617207.58,631450.8458000004,Test,-14243.265800000401,0
2011-02-04,45,759442.33,696458.2235000001,Test,62984.10649999988,0
2011-02-11,45,766456.0,753272.3152000003,Test,13183.684799999697,1
2011-02-18,45,802253.41,829799.8291000007,Test,-27546.41910000064,0
2011-02-25,45,733716.78,784549.1702999999,Test,-50832.39029999985,0
2011-03-04,45,761880.36,762740.3370999997,Test,-859.977099999669,0
2011-03-11,45,714014.73,753662.9851000002,Test,-39648.255100000184,0
2011-03-18,45,733564.77,745183.9179000001,Test,-11619.147900000098,0
2011-03-25,45,719737.25,751339.2463000002,Test,-31601.99630000023,0
2011-04-01,45,712425.76,762980.6479999999,Test,-50554.88799999992,0
2011-04-08,45,750182.71,753923.0450000003,Test,-3740.335000000312,0
2011-04-15,45,765270.02,759398.2712000002,Test,5871.748799999827,0
2011-04-22,45,813630.44,765205.1804000001,Test,48425.259599999874,0
2011-04-29,45,786561.61,779584.7144000002,Test,6976.895599999814,0
2011-05-06,45,810150.64,771750.0757000009,Test,38400.564299999154,0
2011-05-13,45,793889.1,788762.3628000006,Test,5126.737199999392,0
2011-05-20,45,727163.67,782412.2664999998,Test,-55248.59649999975,0
2011-05-27,45,817653.25,772346.8921000003,Test,45306.35789999971,0
2011-06-03,45,877423.45,796938.8791000004,Test,80484.57089999958,0
2011-06-10,45,814395.17,809713.0553000007,Test,4682.114699999336,0
2011-06-17,45,811153.67,821084.5017000005,Test,-9930.831700000446,0
2011-06-24,45,762861.78,807296.9108000008,Test,-44435.13080000074,0
2011-07-01,45,791495.25,787124.5414000001,Test,4370.708599999896,0
2011-07-08,45,768718.11,793643.8147000001,Test,-24925.70470000012,0
2011-07-15,45,748435.2,774876.6567,Test,-26441.456700000097,0
2011-07-22,45,741625.25,772481.6548000001,Test,-30856.404800000135,0
2011-07-29,45,704680.97,766022.0815999999,Test,-61341.111599999946,0
2011-08-05,45,765996.92,759814.3988999999,Test,6182.521100000129,0
2011-08-12,45,724180.89,753336.3518000005,Test,-29155.461800000514,0
2011-08-19,45,712362.72,760952.7907000001,Test,-48590.07070000016,0
2011-08-26,45,833979.01,758595.1755000001,Test,75383.83449999988,0
2011-09-02,45,726482.39,759111.2352000002,Test,-32628.845200000214,0
2011-09-09,45,746129.56,725137.7934999999,Test,20991.766500000143,1
2011-09-16,45,711367.56,764772.7085000001,Test,-53405.14850000001,0
2011-09-23,45,714106.42,753223.2855,Test,-39116.865499999956,0
2011-09-30,45,698986.34,741820.0464000001,Test,-42833.70640000014,0
2011-10-07,45,753447.05,738695.9289999998,Test,14751.121000000276,0
2011-10-14,45,720946.99,742571.4513999999,Test,-21624.461399999913,0
2011-10-21,45,771686.4,753540.0126999998,Test,18146.387300000177,0
2011-10-28,45,781694.57,760821.2747999999,Test,20873.29520000005,0
2011-11-04,45,833429.22,770028.3001999999,Test,63400.91980000003,0
2011-11-11,45,808624.82,796150.2275999996,Test,12474.592400000314,0
2011-11-18,45,773603.77,795602.0864,Test,-21998.31640000001,0
2011-11-25,45,1170672.94,1088550.7914000007,Test,82122.14859999926,1
2011-12-02,45,875699.81,783125.7630000002,Test,92574.0469999999,0
2011-12-09,45,957155.31,965271.8650000003,Test,-8116.555000000284,0
2011-12-16,45,1078905.68,1086603.4388000001,Test,-7697.758800000185,0
2011-12-23,45,1521957.99,1374877.9853000005,Test,147080.00469999947,0
2011-12-30,45,869403.63,871237.0919999992,Test,-1833.4619999992428,1
2012-01-06,45,714081.05,767005.0306000008,Test,-52923.98060000071,0
2012-01-13,45,676615.53,695653.1010999997,Test,-19037.57109999971,0
2012-01-20,45,700392.21,746377.0782999998,Test,-45984.86829999986,0
2012-01-27,45,624081.64,730310.5544000001,Test,-106228.91440000013,0
2012-02-03,45,757330.95,727098.6875999997,Test,30232.26240000024,0
2012-02-10,45,803657.12,811696.6210000005,Test,-8039.501000000513,1
2012-02-17,45,858853.75,819962.4193000004,Test,38891.330699999584,0
2012-02-24,45,753060.78,796335.5269999995,Test,-43274.74699999951,0
2012-03-02,45,782796.01,780650.1494,Test,2145.8606000000145,0
2012-03-09,45,776968.87,786381.6069,Test,-9412.736900000018,0
2012-03-16,45,788340.23,776192.5717,Test,12147.65830000001,0
2012-03-23,45,791835.37,781799.4755000003,Test,10035.894499999704,0
2012-03-30,45,777254.06,781009.6111000001,Test,-3755.5511000000406,0
2012-04-06,45,899479.43,808156.0625000005,Test,91323.36749999959,0
2012-04-13,45,781970.6,799246.1939000007,Test,-17275.593900000677,0
2012-04-20,45,776661.74,807585.6740000002,Test,-30923.93400000024,0
2012-04-27,45,711571.88,767467.5551000008,Test,-55895.67510000081,0
2012-05-04,45,782300.68,758903.1241000001,Test,23397.55589999992,0
2012-05-11,45,770487.37,773329.0915999999,Test,-2841.7215999999316,0
2012-05-18,45,800842.28,781257.1998999997,Test,19585.08010000037,0
2012-05-25,45,817741.17,790635.7742000003,Test,27105.395799999707,0
2012-06-01,45,837144.63,802539.3757000006,Test,34605.25429999945,0
2012-06-08,45,795133.0,802717.0781000007,Test,-7584.078100000741,0
2012-06-15,45,821498.18,813839.8494000008,Test,7658.330599999288,0
2012-06-22,45,822569.16,812627.8306000006,Test,9941.329399999464,0
2012-06-29,45,773367.71,795755.7712000002,Test,-22388.06120000023,0
2012-07-06,45,843361.1,813189.1168000002,Test,30171.983199999784,0
2012-07-13,45,749817.08,795354.0496000004,Test,-45536.96960000042,0
2012-07-20,45,737613.65,776298.7364000002,Test,-38685.086400000146,0
2012-07-27,45,711671.58,759081.4147,Test,-47409.83470000001,0
2012-08-03,45,725729.51,758399.2035000001,Test,-32669.693500000052,0
2012-08-10,45,733037.32,760909.3611,Test,-27872.04110000003,0
2012-08-17,45,722496.93,735210.5092999998,Test,-12713.57929999975,0
2012-08-24,45,718232.26,742507.8903,Test,-24275.63029999996,0
2012-08-31,45,734297.87,748694.4697,Test,-14396.59970000002,0
2012-09-07,45,766512.66,704897.4257999997,Test,61615.2342000003,1
2012-09-14,45,702238.27,743364.3542999998,Test,-41126.084299999755,0
2012-09-21,45,723086.2,751710.5126999998,Test,-28624.312699999893,0
2012-09-28,45,713173.95,755027.6495,Test,-41853.699500000104,0
2012-10-05,45,733455.07,734060.7620999998,Test,-605.6920999998692,0
2012-10-12,45,734464.36,747701.6525,Test,-13237.292499999981,0
2012-10-19,45,718125.53,739850.8806,Test,-21725.350600000005,0
2012-10-26,45,760281.43,744592.9155,Test,15688.514500000048,0
